1	\N	Apples	https://www.eatthismuch.com/food/nutrition/apples,1300/	\N	f	0	182	182	2024-06-14	0	240	1
2	\N	Fresh Parsley	https://www.eatthismuch.com/calories/parsley-2057	\N	f	0	4	4	2024-09-26	7	64	1
3	\N	Yellow Onions	https://www.eatthismuch.com/food/nutrition/yellow-onion,89980/	\N	f	0	148	148	2024-06-13	0	240	2
4	\N	Lemons	https://www.eatthismuch.com/calories/lemons-1433	\N	f	0	108	108	2024-10-22	0	216	1
5	\N	Garlic Cloves	https://www.eatthismuch.com/calories/garlic-clove,7480	\N	f	0	8	4	2024-08-29	0	224	2
6	\N	Head of Broccoli	https://www.eatthismuch.com/food/nutrition/broccoli,1885	\N	f	0	608	91	2024-11-04	0	91	2
7	\N	Large Carrots	https://www.eatthismuch.com/calories/carrots,1914	\N	f	0	72	72	2024-08-01	0	72	2
8	\N	Red Bell Peppers	Missing minor nutrients - https://www.eatthismuch.com/food/nutrition/red-bell-pepper,2440/	\N	f	0	119	119	2024-08-24	0	119	1
9	\N	Avocados	https://www.eatthismuch.com/food/nutrition/avocados,1334/	\N	f	0	201	201	2024-10-23	0	201	1
10	\N	Fresh Strawberries	https://www.eatthismuch.com/calories/strawberries-1558	\N	f	0	16	144	2024-12-19	0	144	1
11	\N	Bananas	https://www.eatthismuch.com/calories/banana-1337	\N	f	0	118	118	2024-06-12	0	118	1
12	\N	Limes	https://www.eatthismuch.com/calories/limes,1438	\N	f	0	67	67	2024-06-10	0	240	1
13	\N	Fresh Cilantro (Coriander)	https://www.eatthismuch.com/calories/fresh-cilantro-1945	\N	f	0	2	1	2024-12-13	4	16	2
14	\N	Basil Leaves	https://www.eatthismuch.com/food/nutrition/basil,178	\N	f	0	4	2	-infinity	4	32	2
15	\N	Yellow Potatoes	https://www.eatthismuch.com/food/nutrition/yellow-potato,528851/	\N	f	0	113	113	2024-06-16	0	113	2
16	\N	Fresh Spinach	https://www.eatthismuch.com/food/nutrition/spinach,2170/	\N	f	0	30	30	2024-06-10	6	30	2
17	\N	Red Tomatoes	https://www.eatthismuch.com/food/nutrition/tomatoes,2226/	\N	f	0	111	111	2024-11-05	0	111	1
18	\N	Breadcrumbs	https://www.eatthismuch.com/calories/bread-crumbs-4029	\N	f	32	108	108	2024-10-03	6	108	4
19	\N	Spaghetti Pasta	https://www.eatthismuch.com/calories/spaghetti,4874 - Enriched is most popular, so using that as default.	\N	f	32	28	28	2024-08-03	4	224	0
20	\N	Quinoa	https://www.eatthismuch.com/food/nutrition/quinoa,4800	\N	f	0	170	170	2024-06-27	6	240	4
21	\N	Wild Rice	https://www.eatthismuch.com/calories/wild-rice,4845	\N	f	0	160	160	2024-08-09	6	160	0
22	\N	Slices of Bread	https://www.eatthismuch.com/calories/loaf-bread,3303048	\N	f	32	34	34	2024-06-15	0	34	64
23	\N	Tortillas, Flour	https://www.eatthismuch.com/calories/flour-tortillas,101262	\N	f	32	45	45	2024-06-16	0	240	0
24	\N	Boneless Chicken Breasts	https://www.eatthismuch.com/food/nutrition/boneless-chicken-breasts,4204785	\N	f	0	112	112	2024-06-13	0	112	268435456
25	\N	90% Lean Ground Beef	https://www.eatthismuch.com/calories/ground-beef-5411	\N	f	0	28	28	2024-10-04	4	224	8
26	\N	Sliced Ham	https://www.eatthismuch.com/calories/sliced-ham-905	\N	f	0	28	28	2024-12-10	0	224	268435456
27	\N	Slices of Turkey	https://www.eatthismuch.com/food/nutrition/deli-sliced-oven-roasted-turkey-breast,101465/	\N	f	0	13	51	2024-06-14	0	240	8
28	\N	Eggs, Brown	https://www.eatthismuch.com/food/nutrition/egg,103/	\N	f	8	50	50	2024-06-18	0	200	16777216
29	\N	Butter	Missing minor nutrients. https://www.eatthismuch.com/food/nutrition/butter,1	\N	t	0	14	14	2024-08-20	7	224	29360128
30	\N	Shredded Chedder Cheese	https://www.eatthismuch.com/food/nutrition/shredded-cheddar-cheese,164892/	\N	f	256	112	28	2024-11-27	6	112	8388608
31	\N	Whole Milk (Cow), unenriched	https://www.eatthismuch.com/calories/whole-milk-161	\N	f	320	244	244	2024-10-20	6	244	4194304
32	\N	Sour Cream	https://www.eatthismuch.com/food/nutrition/sour-cream,55/	\N	f	0	230	230	2024-06-09	6	240	0
33	\N	Greek Yogurt	https://www.eatthismuch.com/calories/greek-yogurt,5810	\N	f	0	240	240	2024-09-07	6	240	29360128
34	\N	Baking Powder	https://www.eatthismuch.com/food/nutrition/baking-powder,4274	\N	t	0	15	15	2024-06-20	7	240	0
35	\N	Baking Soda	https://www.eatthismuch.com/food/nutrition/baking-soda,4275	\N	t	0	14	14	2024-06-29	7	233	0
36	\N	Granulated Sugar	https://www.eatthismuch.com/calories/sugar-4644	\N	t	0	28	200	2024-12-14	4	200	114688
37	\N	Dark Brown Sugar	https://www.eatthismuch.com/food/nutrition/brown-sugar,4643	\N	t	0	145	145	2024-07-12	6	145	114688
38	\N	All-Purpose Flour	https://www.eatthismuch.com/food/nutrition/all-purpose-flour,101736/	\N	t	262176	120	30	2024-06-26	6	240	32768
39	\N	Honey	https://www.eatthismuch.com/food/nutrition/honey,4620/	\N	t	0	42	21	2024-06-17	9	336	928
40	\N	Vanilla Extract	https://www.eatthismuch.com/calories/vanilla-extract,224	\N	t	0	13	13	2024-09-19	7	208	3
41	\N	Active Dry Yeast	https://www.eatthismuch.com/food/nutrition/yeast,4278/	\N	f	0	4	7	2024-08-25	8	192	4
43	\N	Cocoa Powder	\N	\N	f	0	240	100	2024-06-21	6	240	16384
44	\N	Powdered Sugar	Missing minor nutrients. https://www.eatthismuch.com/calories/powdered-sugars-4645	\N	f	0	100	100	2024-10-05	6	100	4
45	\N	9" Pie Crust	https://www.eatthismuch.com/food/nutrition/pie-crust,4292/	\N	f	0	194	194	2024-07-07	0	194	0
46	\N	Pizza Crust	https://www.eatthismuch.com/calories/pizza-crust-1841250	\N	f	0	212	53	2024-10-16	0	53	2
47	\N	Chicken Stock	\N	\N	f	0	240	100	-infinity	6	240	928
48	\N	Salsa	https://www.eatthismuch.com/food/nutrition/salsa,735/	\N	f	512	28	259	2024-08-19	4	259	256
49	\N	Jelly, Grape	https://www.eatthismuch.com/nutrition/grape-jelly,1644639	\N	f	0	20	20	2024-06-17	7	240	0
50	\N	Grape Jam	https://www.eatthismuch.com/calories/concord-grape-jam,1686002	\N	f	0	17	17	2024-07-31	7	136	0
51	\N	Tuna	https://www.eatthismuch.com/food/nutrition/tuna,3373/	\N	f	0	28.35	28.35	2024-08-04	4	226.8	0
52	\N	Coffee	\N	\N	f	0	240	100	2024-06-16	6	240	0
53	\N	Earl Gray Tea	https://www.eatthismuch.com/food/nutrition/tea-earl-grey,1598998/	\N	f	0	29.57	236.56	2024-07-22	0	236.56	0
54	\N	Black Beans	https://www.eatthismuch.com/recipe/nutrition/black-beans,3512	\N	f	0	194	194	2024-10-17	6	194	4
55	\N	Pasta Sauce	https://www.eatthismuch.com/calories/pasta-sauce-849	\N	f	0	257	257	2024-06-14	6	257	256
56	\N	Creamy Peanut Butter	Missing minor nutrients. https://www.eatthismuch.com/calories/peanut-butter,3595	\N	f	0	32	16	2024-08-25	4	256	128
57	\N	Chickpeas	https://www.eatthismuch.com/calories/chickpeas,3554	\N	f	0	200	200	2024-09-02	6	200	2048
58	\N	Baked Beans	Missing minor nutrients. https://www.eatthismuch.com/calories/baked-beans,3506	\N	f	0	254	254	2024-08-21	6	254	3
59	\N	Ketchup	https://www.eatthismuch.com/food/nutrition/ketchup,5817/	\N	t	0	240	240	2024-08-13	6	240	0
60	\N	Mustard	https://www.eatthismuch.com/calories/mustard,220	\N	t	0	15	15	2024-08-14	7	240	32
61	\N	Mayo	https://www.eatthismuch.com/calories/mayonnaise,253	\N	f	0	28	14	2024-06-17	4	224	32
62	\N	Soy Sauce	https://www.eatthismuch.com/calories/soy-sauce,3618	\N	f	294944	32	16	2024-10-27	9	256	8192
63	\N	A1 Steak Sauce: Original	https://www.eatthismuch.com/food/nutrition/a1-steak-sauce-original,1018572/	\N	f	0	16	16	2024-07-04	7	100	0
64	\N	Hot Sauce	https://www.eatthismuch.com/calories/red-hot-sauce-3857965	\N	f	0	28	240	2024-12-02	4	240	256
65	\N	Buffalo Sauce	https://www.eatthismuch.com/calories/buffalo-wing-sauce-1721937	\N	f	0	14	14	2024-10-10	7	224	3
66	\N	Ranch Dressing	https://www.eatthismuch.com/food/nutrition/ranch-dressing,272/	\N	f	0	14.5	14.5	2024-07-29	7	232	0
67	\N	Black Pepper	https://www.eatthismuch.com/calories/pepper,205	\N	t	0	6	6	2024-09-03	7	96	131072
68	\N	Chili Powder	https://www.eatthismuch.com/food/nutrition/chili-powder,184/	\N	t	0	7.5	7.5	2024-07-09	7	120	0
69	\N	Red Pepper Flakes	https://www.eatthismuch.com/calories/crushed-red-pepper-flakes,5832	\N	t	0	1	1	2024-08-16	7	16	4
70	\N	Cinnamon	\N	\N	t	0	240	100	-infinity	6	240	131072
71	\N	Garlic Powder	https://www.eatthismuch.com/calories/garlic-powder-195	\N	t	0	10	10	2024-10-18	7	160	131072
72	\N	Nutmeg	https://www.eatthismuch.com/calories/nutmeg,200	\N	f	0	7	7	2024-08-26	7	112	3
73	\N	Paprika	https://www.eatthismuch.com/calories/paprika,203	\N	t	0	7	7	2024-08-30	7	112	131072
74	\N	Sea Salt	https://www.eatthismuch.com/food/nutrition/sea-salt,1724578/	\N	t	0	6	1.5	2024-07-14	8	288	131072
75	\N	Kosher Salt	https://www.eatthismuch.com/calories/kosher-salt-1938979	\N	t	0	28	1	2024-12-07	4	192	131072
76	\N	Unrefined Coconut Oil	aka. Virgin Coconut Oil. https://www.eatthismuch.com/calories/coconut-oil-unrefined-2065164	\N	f	0	28	14	2024-12-09	4	224	65536
77	\N	Olive Oil	https://www.eatthismuch.com/food/nutrition/olive-oil,266/	\N	t	0	28	14	2024-06-13	9	224	65536
78	\N	Vegetable Oil	https://www.eatthismuch.com/calories/vegetable-oil,373	\N	t	0	14	14	2024-08-20	7	224	3
79	\N	Canola Oil	https://www.eatthismuch.com/calories/canola-oil-329	\N	t	0	28	14	2024-12-22	9	224	65536
80	\N	Apple Cider Vinegar	TODO: Fix Nutrients. aka. Cider Vinegar - https://www.eatthismuch.com/calories/vinegar-222	\N	f	0	30	15	-infinity	9	240	32
81	\N	Balsamic Vinegar	https://www.eatthismuch.com/calories/balsamic-vinegar,235	\N	f	0	255	255	2024-09-15	6	255	32
82	\N	Red Wine Vinegar	https://www.eatthismuch.com/calories/red-wine-vinegar,234	\N	f	0	239	239	2024-08-24	6	239	3
83	\N	White Vinegar	https://www.eatthismuch.com/food/nutrition/distilled-white-vinegar,4175275/	\N	f	0	230	14	2024-06-13	6	240	0
84	\N	White Wine Vinegar	https://www.eatthismuch.com/food/nutrition/white-wine-vinegar,27797/	\N	f	0	14	14	2024-06-15	7	240	32
85	\N	White Wine	https://www.eatthismuch.com/calories/white-wine,3079	\N	f	0	29.4	147	2024-08-22	9	235.2	524288
86	\N	Red Wine	https://www.eatthismuch.com/calories/red-wine-3070	\N	f	0	29.4	147	2024-12-18	9	235.2	524288
87	\N	Crackers	https://www.eatthismuch.com/food/nutrition/ritz-crackers,4370/	\N	f	0	3.3	3.3	2024-06-10	0	50	262144
88	\N	Unsalted Peanuts	https://www.eatthismuch.com/food/nutrition/peanuts,3584/	\N	f	2048	28	146	2024-10-12	4	146	1048576
89	\N	Pecans	https://www.eatthismuch.com/food/nutrition/pecans,2676/	\N	f	0	28	99	2024-11-18	4	99	1048576
90	\N	Black Walnuts	https://www.eatthismuch.com/calories/walnuts-2684	\N	f	0	125	125	2024-10-02	6	125	4
91	\N	Unsalted White Corn Tortilla Chips	https://www.eatthismuch.com/calories/tortilla-chips-5763	\N	f	2	28	26	2024-08-05	4	26	2097152
92	\N	Cashew Nuts	https://www.eatthismuch.com/calories/cashew-nuts-2642	\N	f	0	137	137	2024-06-12	6	137	1048576
93	\N	Refried Beans, vegetarian	https://www.eatthismuch.com/food/nutrition/refried-beans,3652/	\N	f	0	444	444	2024-10-23	6	444	3
94	\N	Pork Italian Sausage, Cooked	https://www.eatthismuch.com/calories/italian-sausage-952	\N	f	0	83	83	2024-07-23	0	100	268435456
95	\N	Parmesan Cheese	https://www.eatthismuch.com/food/nutrition/parmesan-cheese,32/	\N	f	256	28.35	28.35	2024-07-01	4	100	8388608
96	\N	Mexican Cheese Blend, reduced fat	https://www.eatthismuch.com/calories/mexican-cheese,160	\N	f	256	28	28	2024-09-09	4	224	6
97	\N	White Rice	https://www.eatthismuch.com/food/nutrition/white-rice,4814/	\N	f	0	200	200	-infinity	6	240	0
98	\N	Brown Rice	https://www.eatthismuch.com/food/nutrition/brown-rice,4804	\N	f	4096	28	190	2024-11-22	4	190	1024
99	\N	Frozen Stir-Fry Vegetables	https://www.eatthismuch.com/calories/frozen-stir-fry-vegetables,152126	\N	f	0	28	85	2024-09-04	4	227	67108864
100	\N	Teriyaki Sauce	https://www.eatthismuch.com/calories/teriyaki-sauce,711	\N	f	0	288	18	2024-09-07	6	288	3
101	\N	Light Sesame Oil	https://www.eatthismuch.com/food/nutrition/sesame-oil,2628816/	\N	f	0	216	13.6	2024-06-11	6	240	65536
102	\N	Lentils	https://www.eatthismuch.com/calories/lentils,3634	\N	f	0	192	192	2024-06-16	6	192	4
103	\N	Red Potatoes	https://www.eatthismuch.com/food/nutrition/red-potatoes,2094/	\N	f	0	170	170	2024-12-21	0	170	1
104	\N	Summer Sausage	https://www.eatthismuch.com/food/nutrition/summer-sausage,2122087/	\N	f	0	56	56	2024-10-18	4	224	8
105	\N	Red Onions	https://www.eatthismuch.com/food/nutrition/red-onion,129104/	\N	f	0	110	110	-infinity	0	110	2
106	\N	Beef Bouilion Cubes	https://www.eatthismuch.com/calories/beef-bouillon-cubes-144152	\N	f	0	4	4	2024-12-11	0	128	131072
107	\N	Slices of Roast Beef	https://www.eatthismuch.com/calories/roast-beef,100591	\N	f	0	9	54	2024-09-04	0	227	8
108	\N	Chicken Bouilion Cubes	\N	\N	f	0	240	100	-infinity	6	240	0
109	\N	Egg Noodles, Unenriched	https://www.eatthismuch.com/calories/egg-noodles,4912	\N	f	0	28	38	2024-07-24	4	38	4096
110	\N	Head of Cabbage	https://www.eatthismuch.com/calories/cabbage-1902	\N	f	0	908	908	2024-11-06	0	89	2
111	\N	Chicken Broth	https://www.eatthismuch.com/calories/fat-free-chicken-broth,2151436	\N	f	0	240	240	2024-06-28	6	240	928
112	\N	Taco Seasoning	https://www.eatthismuch.com/calories/taco-seasoning,100484	\N	f	0	3	6	2024-08-29	8	144	131072
113	\N	Hamburger Buns	https://www.eatthismuch.com/calories/hamburger-bun-4256	\N	f	262176	43	43	2024-12-05	0	43	64
114	\N	Pork Fillet (Tenderloin)	https://www.eatthismuch.com/calories/pork-tenderloin-1785	\N	f	0	28	28	2024-11-15	4	224	268435456
115	\N	Dr. Pepper	https://www.eatthismuch.com/calories/dr-pepper,3105	\N	f	0	368	491	2024-08-17	0	246	5
116	\N	Barbecue Sauce	https://www.eatthismuch.com/calories/barbecue-sauce-730	\N	f	32	36	18	2024-11-17	9	288	32
117	\N	Garlic Texas Toast	https://www.eatthismuch.com/nutrition/garlic-texas-toast,3321895	\N	f	0	40	40	2024-07-02	0	80	0
118	\N	Pizza Sauce	https://www.eatthismuch.com/calories/pizza-sauce,732	\N	f	0	252	252	2024-09-20	6	252	3
119	\N	Mozzarella Cheese	https://www.eatthismuch.com/calories/mozzarella-cheese,26	\N	f	256	28	28	2024-09-12	4	224	8388608
120	\N	Turkey Pepperoni	\N	\N	f	0	240	100	2024-08-02	0	240	0
121	\N	Fresh Green Beans	https://www.eatthismuch.com/nutrition/green-beans,1868	\N	f	0	28	28	2024-07-29	4	224	2
122	\N	Asparagus Spears	https://www.eatthismuch.com/calories/asparagus-spears-1624112	\N	f	0	16	80	2024-08-05	0	112	1
123	\N	Water	\N	\N	t	0	240	240	2024-06-17	6	240	0
124	\N	Curry Powder	\N	\N	f	0	16	8	-infinity	4	96	65536
125	\N	Cardamom	https://www.eatthismuch.com/calories/cardamom-181	\N	f	0	28	6	2024-12-16	4	96	131072
126	\N	Kielbasa Sausage	https://www.eatthismuch.com/calories/polska-kielbasa-sausage-142880	\N	f	0	28	56	2024-06-11	4	224	268435456
127	\N	Apple Sauce, Unsweetened	https://www.eatthismuch.com/calories/applesauce-1316	\N	f	0	28	244	2024-11-16	4	244	256
129	\N	Frozen Meatballs	https://www.eatthismuch.com/calories/meatballs-frozen-italian-style,484657	\N	f	0	28.25	85	2024-08-16	4	226	134217728
130	\N	Molasses	https://www.eatthismuch.com/calories/molasses-4624	\N	f	0	40	20	2024-10-12	9	320	3
131	\N	Raw Pinto Beans	Missing minor nutrients. https://www.eatthismuch.com/calories/pinto-beans-3540	\N	f	0	193	193	2024-10-06	6	193	2048
132	\N	Elbow Macaroni	https://www.eatthismuch.com/calories/elbow-macaroni-pasta-100154	\N	f	262176	28	56	2024-11-26	4	112	4096
133	\N	Evaporated Milk	https://www.eatthismuch.com/calories/evaporated-milk-3338368	\N	f	324	32	32	2024-11-11	9	256	512
134	\N	Slices of Pepper Jack Cheese	https://www.eatthismuch.com/calories/pepper-jack-cheese-slices-1865126	\N	f	256	21	21	2024-12-14	0	168	8388608
135	\N	Monterey Jack Cheese	https://www.eatthismuch.com/calories/monterey-jack-cheese,136752	\N	f	256	28	28	2024-06-09	0	224	0
136	\N	Tortillas, Whole-Wheat	https://www.eatthismuch.com/calories/whole-wheat-tortillas,101208	\N	f	0	34	68	2024-08-14	0	68	4
137	\N	Linguine	https://www.eatthismuch.com/calories/linguine,2413373	\N	f	0	240	100	2024-06-30	6	240	4096
139	\N	Slices of Rye Bread	\N	\N	f	32	24	24	-infinity	0	48	2
140	\N	Chives	https://www.eatthismuch.com/food/nutrition/chives,1937/	\N	f	0	3	3	2024-06-25	7	240	0
141	\N	Rolled Oats	https://www.eatthismuch.com/food/nutrition/rolled-oats,5821/	\N	f	0	80	80	2024-07-27	6	80	16288
142	\N	Porridge Oats	https://www.eatthismuch.com/food/nutrition/porridge-oats,152950/	\N	f	0	30	30	2024-07-03	0	80	0
143	\N	Cumin	https://www.eatthismuch.com/calories/cumin-189	\N	t	0	28	9	2024-11-30	4	144	131072
144	\N	Green Onions (Scallions)	https://www.eatthismuch.com/calories/scallions-2051	\N	f	0	15	15	2024-10-11	0	150	2
145	\N	Fusilli Pasta	https://www.eatthismuch.com/calories/fusilli-pasta,2321079	\N	f	32	107	80	2024-06-10	6	107	4096
146	\N	Slices of Whole Wheat Rye Bread	https://www.eatthismuch.com/calories/rye-bread-4015	\N	f	32	32	32	2024-12-17	0	64	64
147	\N	Cherry Tomatoes	https://www.eatthismuch.com/calories/tomato-cherry,129095	\N	f	0	17	85	2024-08-07	0	170	0
148	\N	Salad Greens	\N	\N	f	0	240	100	2024-06-09	6	240	0
149	\N	Fresh Podded Green Peas | Frozen Green Peas	aka. Fresh Peas. In pods. - https://www.eatthismuch.com/calories/peas-2064	\N	f	0	28	145	-infinity	4	145	2
150	\N	Celery	https://www.eatthismuch.com/calories/celery-1927	\N	f	0	40	40	2024-06-12	0	101	2
151	\N	Coconut Cream	aka Coconut Spread. https://www.eatthismuch.com/calories/coconut-cream,2658	\N	f	0	30	240	2024-09-10	4	240	32
152	\N	Dates	https://www.eatthismuch.com/calories/dates-1591	\N	f	0	24	24	2024-06-15	0	192	1
153	\N	Rice Cakes, Brown	https://www.eatthismuch.com/food/nutrition/brown-rice-cakes,4204545	\N	f	0	35	35	2024-06-11	0	240	0
154	\N	Rice Cakes, White	https://www.eatthismuch.com/calories/rice-cakes,1659711	\N	f	0	10	10	2024-08-03	0	40	0
155	\N	Cucumbers	https://www.eatthismuch.com/food/nutrition/cucumber,1971/	\N	f	0	301	301	2024-06-12	0	240	1
156	\N	Brussel Sprouts	https://www.eatthismuch.com/calories/brussels-sprouts-1893	\N	f	0	28	88	2024-12-10	4	88	2
157	\N	Fresh Pears	Missing minor nutrients. https://www.eatthismuch.com/calories/pears-1499	\N	f	0	178	178	2024-10-08	0	178	1
158	\N	Sunflower Seeds	How much choline? https://www.eatthismuch.com/calories/raw-sunflower-seeds-2344674	\N	f	0	132	33	2024-09-12	6	132	1048576
159	\N	Watermelon	https://www.eatthismuch.com/calories/watermelon,1566	\N	f	0	4520	152	2024-08-26	0	152	1
160	\N	Cow Milk (1%)	https://www.eatthismuch.com/food/nutrition/1-milk,129602/	\N	f	0	240	240	2024-07-05	6	240	6
161	\N	Almond Milk	https://www.eatthismuch.com/calories/almond-milk-5812	\N	f	0	240	240	2024-10-19	6	240	4194304
162	\N	Soy Milk	https://www.eatthismuch.com/calories/soy-milk-6715	\N	f	0	240	250	-infinity	6	240	2097152
163	\N	Cow Milk (Skim)	https://www.eatthismuch.com/calories/skim-milk,7096	\N	f	320	240	240	2024-08-30	6	240	4194304
164	\N	Eggs, White	https://www.eatthismuch.com/food/nutrition/egg,103/	\N	f	8	50	50	2024-08-31	0	200	16777216
165	\N	Mini Bagels	https://www.eatthismuch.com/food/nutrition/whole-grain-mini-bagels,21207/	\N	f	262176	40	40	2024-06-19	6	240	4
166	\N	Pita	https://www.eatthismuch.com/calories/pita-2286290	\N	f	262176	48	48	2024-06-15	0	48	4
167	\N	Naan	https://www.eatthismuch.com/calories/naan,201876	\N	f	262176	140	140	2024-08-06	0	100	4
168	\N	Allspice	https://www.eatthismuch.com/calories/allspice-176	\N	f	0	12	6	2024-10-26	4	96	4
169	\N	Slices of Multigrain Bread	https://www.eatthismuch.com/calories/multigrain-bread,7887	\N	f	32	25	50	2024-09-05	0	50	2
170	\N	Tortillas, Corn	https://www.eatthismuch.com/calories/corn-tortillas-1679435	\N	f	0	26	52	2024-12-11	0	104	1024
171	\N	Heavy Cream	https://www.eatthismuch.com/calories/heavy-cream,1743420	\N	f	0	15	15	2024-07-26	7	240	4194304
172	\N	Fresh Peaches	https://www.eatthismuch.com/calories/peaches,1484	\N	f	0	150	150	2024-09-25	0	150	1
173	\N	Plums	\N	\N	f	0	240	66	2024-06-14	6	240	0
174	\N	Leaves of Romaine Lettuce	https://www.eatthismuch.com/calories/lettuce-2013	\N	f	0	23.5	47	2024-10-15	0	47	1
175	\N	Grape Tomatoes	https://www.eatthismuch.com/calories/grape-tomatoes,1221838	\N	f	0	149	149	2024-09-02	6	149	1
176	\N	Avocado Oil	https://www.eatthismuch.com/calories/avocado-oil-328	\N	f	0	28	14	-infinity	9	224	32768
177	\N	Corn Oil	https://www.eatthismuch.com/food/nutrition/corn-oil,300/	\N	f	0	13.6	13.6	2024-06-22	7	240	0
178	\N	Coconut Milk	https://www.eatthismuch.com/calories/coconut-milk,2660	\N	f	0	240	240	2024-08-27	6	240	4194304
179	\N	Oat Milk	\N	\N	f	0	240	100	-infinity	6	240	0
180	\N	Quinoa Milk, Vanilla	https://www.eatthismuch.com/food/nutrition/quinoa-milk-vanilla,2308361	\N	f	0	240	240	2024-06-11	6	240	0
181	\N	Hemp Milk	\N	\N	f	0	240	100	-infinity	6	240	0
182	\N	Macadamia Milk	https://www.eatthismuch.com/calories/macadamia-milk,1609220	\N	f	0	244.8	244.8	2024-06-24	6	240	0
183	\N	Cashew Milk	https://www.eatthismuch.com/calories/cashew-milk-2895383	\N	f	0	240	100	2024-11-02	6	240	4194304
184	\N	Rice Milk	https://www.eatthismuch.com/calories/rice-milk-136226	\N	f	4096	240	240	2024-11-14	6	240	4194304
185	\N	Steel-Cut Oats	aka. pinhead oats. https://www.eatthismuch.com/calories/oats-4803	\N	f	0	156	156	2024-10-11	6	156	4
186	\N	Milk	https://www.eatthismuch.com/food/nutrition/whole-milk,161/	\N	f	0	244	244	2024-08-11	6	244	4194304
187	\N	Eggs	https://www.eatthismuch.com/food/nutrition/egg,103/	\N	f	8	50	50	2024-11-03	0	200	16777216
188	\N	Rice	https://www.eatthismuch.com/calories/white-rice,4806	\N	f	0	185	185	2024-09-15	6	185	4
189	\N	Salted Butter	https://www.eatthismuch.com/food/nutrition/butter,1	\N	t	0	14	14	2024-08-04	7	224	131072
190	\N	Unsalted Butter	https://www.eatthismuch.com/calories/butter,121	\N	t	0	14	14	2024-07-27	7	224	29360128
191	\N	Tortillas	Missing minor nutrients. https://www.eatthismuch.com/calories/tortillas,4268	\N	f	0	46	46	2024-08-21	0	92	4
192	\N	Sour Cream, Reduced Fat	https://www.eatthismuch.com/food/nutrition/sour-cream,55/	\N	f	0	230	230	2024-06-09	6	240	0
193	\N	Slices of White Bread	https://www.eatthismuch.com/calories/white-bread-4021	\N	f	32	25	25	2024-11-01	0	25	64
194	\N	Rice Cakes	https://www.eatthismuch.com/calories/rice-cakes-4440	\N	f	0	9	9	2024-11-18	0	36	16
195	\N	Bread Flour, Unenriched	https://www.eatthismuch.com/food/nutrition/wheat-flours,4882/	\N	f	32	137	137	2024-09-28	6	137	4
196	\N	Cornstarch	https://www.eatthismuch.com/food/nutrition/cornstarch,4792/	\N	t	0	7.68	7.68	2024-07-19	7	128	0
197	\N	Slices of White Bread, GF	https://www.eatthismuch.com/nutrition/gluten-free-bread,14008	\N	f	0	24	24	2024-09-24	0	48	4
198	\N	Bologna	https://www.eatthismuch.com/food/nutrition/bolonga,129024	\N	f	0	28	28	2024-06-14	4	240	0
200	\N	Pita, Whole Wheat	https://www.eatthismuch.com/food/nutrition/whole-wheat-pita,2021396/	\N	f	262176	71	71	2024-06-15	6	240	4
201	\N	Creamy Peanut Butter (Reduced Fat)	https://www.eatthismuch.com/calories/creamy-reduced-fat-peanut-butter,542598	\N	f	0	17	17	2024-07-30	7	272	0
202	\N	Mini Bagels, Whole Grain	https://www.eatthismuch.com/food/nutrition/whole-grain-mini-bagels,21207/	\N	f	262176	40	40	2024-06-19	6	240	0
203	\N	Popcorn	https://www.eatthismuch.com/calories/popcorn-5506	\N	f	2	28	28	2024-09-29	4	224	3145728
204	\N	Hearts of Palm Linguine	https://www.eatthismuch.com/calories/linguine-hearts-of-palm-1846301	\N	f	0	28	75	2024-12-20	4	75	4096
205	\N	Mixed Beans	https://www.eatthismuch.com/calories/mixed-beans-1618198	\N	f	0	140	35	2024-09-13	6	140	256
206	\N	Fresh Baby Spinach	https://www.eatthismuch.com/calories/baby-spinach,6336	\N	f	0	28	60	2024-06-09	4	30	2
207	\N	Frozen Podded Edamame Beans	https://www.eatthismuch.com/food/nutrition/edamame,1977/	\N	f	0	28	118	2024-07-16	4	118	67108864
209	\N	Frozen Mixed Vegetables	https://www.eatthismuch.com/calories/mixed-vegetables,2256	\N	f	0	225	225	2024-08-15	6	225	67108864
210	\N	Flatbread	https://www.eatthismuch.com/food/nutrition/whole-wheat-pita,2021396/	\N	f	0	71	71	2024-06-15	6	240	0
212	\N	Slices of French Bread	https://www.eatthismuch.com/calories/french-bread,1664925	\N	f	32	29	57	2024-07-15	0	57	64
213	\N	Ciabatta Loaf	https://www.eatthismuch.com/calories/ciabatta-loaf,387825	\N	f	0	257	257	2024-08-11	0	128.5	2
214	\N	Salt	https://www.eatthismuch.com/food/nutrition/salt,221/	\N	t	0	18	18	2024-07-28	7	288	131072
215	\N	Maple Syrup	https://www.eatthismuch.com/calories/maple-syrups-4654	\N	f	0	40	20	2024-06-17	9	320	928
216	\N	Smoked Bacon Slices	https://www.eatthismuch.com/food/nutrition/bacon,1797	\N	f	0	8	8	2024-07-08	0	24	268435456
217	\N	White Onions	https://www.eatthismuch.com/food/nutrition/yellow-onion,89980/	\N	f	0	148	148	2024-06-13	0	240	2
218	\N	Gluten Free Spaghetti, Barilla	https://www.eatthismuch.com/calories/gluten-free-spaghetti,1641880	\N	f	0	28	56	2024-08-08	4	224	4
219	\N	Iodized Salt	https://www.eatthismuch.com/calories/salt-iodized,1926529	\N	t	0	8	2	2024-09-08	8	256	131072
220	\N	Slices of Sourdough Bread, GF	https://www.eatthismuch.com/calories/cooks-gluten-free-sourdough-bread,2091856	\N	f	0	49	98	2024-08-06	0	98	2
221	\N	Slices of Sourdough Bread	https://www.eatthismuch.com/calories/sourdough-bread,3991	\N	f	32	96	96	2024-11-12	0	192	64
222	\N	Onions	https://www.eatthismuch.com/calories/onions-2042	\N	f	0	110	110	2024-06-13	0	110	2
223	\N	Molasses | Honey	https://www.eatthismuch.com/calories/molasses-4624 | https://www.eatthismuch.com/calories/honey-4620	\N	f	0	20	20	2024-10-01	7	320	928
224	\N	Fresh Red Chilies	https://www.eatthismuch.com/food/nutrition/red-peppers,2438/	\N	f	0	45	45	2024-11-29	0	90	2
225	\N	Shallots	https://www.eatthismuch.com/calories/shallots,2316	\N	f	0	43	43	2024-09-24	0	43	1
226	\N	Yellow Corn Tortilla Chips	https://www.eatthismuch.com/calories/tortilla-chips-5522	\N	f	2	28	28	2024-11-10	4	26	2097152
227	\N	Potato Starch	https://www.eatthismuch.com/food/nutrition/potato-starch,730100/	\N	f	0	13	13	2024-07-06	7	130	0
228	\N	Brown Rice Flour	https://www.eatthismuch.com/calories/rice-flour-4847	\N	f	4096	28	158	2024-11-19	4	158	32768
229	\N	Xanthan Gum	https://www.eatthismuch.com/food/nutrition/xanthan-gum,2997176/	\N	f	0	9	9	2024-07-30	7	144	0
230	\N	Dry Milk	https://www.eatthismuch.com/food/nutrition/whole-milk,161/	\N	f	0	244	244	2024-08-02	6	240	0
231	\N	Garden Veggie Good Thins, GF	Box	\N	f	4096	2	32	2024-08-13	0	224	262144
232	\N	Sabra Classic Hummus	https://www.eatthismuch.com/calories/hummus-classic-1883679	\N	f	0	28	28	2024-10-21	7	224	3
233	\N	Sunflower Oil	https://www.eatthismuch.com/calories/sunflower-oil,292	\N	f	0	14	14	2024-09-18	7	224	3
234	\N	Superfine Sugar	https://www.eatthismuch.com/calories/sugar-4644	\N	f	0	200	200	-infinity	6	200	114688
235	\N	Chinese Cooking Wine	\N	\N	f	0	240	100	-infinity	6	240	0
236	\N	Sherry	https://www.eatthismuch.com/calories/sherry-765630	\N	f	0	28	28	2024-10-02	4	224	3
237	\N	Chinese Cooking Wine | Sherry	\N	\N	f	0	240	100	2024-08-23	6	240	0
238	\N	Light Sesame Seeds	https://www.eatthismuch.com/calories/sesame-seeds-2617	\N	f	8192	144	9	2024-06-11	6	144	131072
239	\N	Bean Thread Noodles	https://www.eatthismuch.com/calories/chinese-noodles-3579	\N	f	0	140	140	2024-10-04	6	140	4
240	\N	Fine Rice Noodles	https://www.eatthismuch.com/food/nutrition/rice-noodles,4886/	\N	f	4096	28	28	2024-07-17	4	224	4096
241	\N	Bean Sprouts	https://www.eatthismuch.com/calories/bean-sprouts-2121498	\N	f	0	28	85	2024-08-07	4	113.33	2048
242	\N	Daikon Radish	https://www.eatthismuch.com/calories/daikon-radish-129147	\N	f	0	100	50	2024-10-24	0	100	1
243	\N	Sesame Paste	https://www.eatthismuch.com/food/nutrition/sesame-oil,2628816/	\N	f	0	216	13.6	2024-06-11	6	240	0
244	\N	Sweet Chili Sauce	https://www.eatthismuch.com/calories/sweet-chili-sauce-1754871	\N	f	0	28	14	2024-12-12	4	224	32
245	\N	Rice Vinegar	https://www.eatthismuch.com/calories/rice-vinegar-1675526	\N	f	0	30	30	2024-10-30	9	240	4096
246	\N	Vegetable Stock	https://www.eatthismuch.com/food/nutrition/vegetable-stock,90206/	\N	f	0	237	237	2024-07-10	6	237	928
247	\N	Gruyere Cheese	https://www.eatthismuch.com/calories/gruyere-cheese,23	\N	f	256	28	28	2024-06-12	0	224	6
248	\N	Sliced Ham | Sliced Salami	https://www.eatthismuch.com/calories/sliced-ham-905	\N	f	0	28	28	2024-09-29	0	224	8
249	\N	Sliced Salami	https://www.eatthismuch.com/calories/hard-salami,1805029	\N	f	0	5.6	28	2024-09-01	0	100	8
250	\N	Fresh Zucchini	https://www.eatthismuch.com/calories/zucchini-2183	\N	f	0	196	196	2024-06-12	0	196	2
251	\N	Mint Leaves	https://www.eatthismuch.com/calories/mint-91252	\N	f	0	28	3	2024-06-12	4	48	3
252	\N	Three Wishes Cinnamon Grain Free Cereal	https://www.eatthismuch.com/calories/grain-free-cereal-cinnamon,3131931	\N	f	0	245	35	2024-09-20	0	35	4
253	\N	Cereal	https://www.eatthismuch.com/calories/honey-nut-cheerios,1026	\N	f	262176	234	39	2024-12-06	0	39	7168
254	\N	Salted Margarine	https://www.eatthismuch.com/calories/margarine,348	\N	t	0	113	14	2024-09-14	0	224	131072
255	\N	Sweet Potatoes	https://www.eatthismuch.com/food/nutrition/sweet-potato,2210/	\N	f	0	130	130	2024-07-28	0	130	2
257	\N	Frigo String Cheese Sticks	https://www.eatthismuch.com/calories/string-cheese-471958	\N	f	260	28	28	2024-10-22	0	112	8388608
258	\N	Naan | Pita	https://www.eatthismuch.com/calories/pita-bread-4002	\N	f	0	64	64	2024-10-25	0	64	2
259	\N	Eggplant	https://www.eatthismuch.com/calories/eggplant,1975	\N	f	0	548	548	2024-08-12	0	82	2
260	\N	Plum Tomatoes	https://www.eatthismuch.com/calories/plum-tomato,89975	\N	f	0	148	148	2024-09-09	0	227	1
261	\N	Couscous	https://www.eatthismuch.com/calories/couscous-4793	\N	f	0	173	173	2024-08-10	6	173	4
262	\N	Pepperoni	\N	\N	f	0	240	100	-infinity	0	240	0
263	\N	Pork/Beef Pepperoni	https://www.eatthismuch.com/food/nutrition/pepperoni,925/	\N	f	0	2	28	2024-07-11	0	224	0
264	\N	Potatoes	https://www.eatthismuch.com/calories/russet-potatoes-2092	\N	f	0	369	369	2024-06-16	0	150	2
265	\N	White Jasmine Rice	This is a long grain white rice. https://www.eatthismuch.com/calories/white-jasmine-rice-1655821	\N	f	0	180	45	2024-09-30	6	180	4
266	\N	White Basmati Rice	This is a long grain white rice. https://www.eatthismuch.com/calories/basmati-rice,45283	\N	f	0	199	199	2024-07-13	6	199	0
267	\N	Water Chestnuts	https://www.eatthismuch.com/food/nutrition/water-chestnuts,155522/	\N	f	0	228	114	2024-06-12	6	228	928
268	\N	Raisins	\N	\N	f	0	240	100	2024-06-12	6	240	0
269	\N	Fuji Apples	https://www.eatthismuch.com/food/nutrition/apples,1300/	\N	f	0	182	182	2024-06-14	0	182	1
270	\N	Anise Seeds	https://www.eatthismuch.com/calories/flour-tortillas,101262	\N	f	0	45	45	2024-06-16	0	240	0
271	\N	Anise Liquid	https://www.eatthismuch.com/calories/flour-tortillas,101262	\N	f	0	45	45	2024-06-16	0	240	0
272	\N	Fettuccine Noodles	https://www.eatthismuch.com/calories/flour-tortillas,101262	\N	f	0	45	45	2024-06-16	4	240	0
273	\N	Slices of Whole Wheat Bread	https://www.eatthismuch.com/calories/100-whole-wheat-sliced-bread,99392	\N	f	32	26	26	2024-09-23	0	52	4
274	\N	Slices of Whole Grain Bread	https://www.eatthismuch.com/calories/whole-grain-bread-99469	\N	f	32	26	26	2024-10-09	0	52	2
275	\N	Slices of Whole Wheat Bread, GF	https://www.eatthismuch.com/food/nutrition/whole-wheat-bread-sliced,1622558/	\N	f	0	30	60	2024-07-18	0	60	64
276	\N	Chili Oil	https://www.eatthismuch.com/food/nutrition/chili-powder,184/	\N	t	0	7.5	7.5	2024-07-09	7	120	0
277	\N	Mixed Salad Leaves	https://www.eatthismuch.com/calories/mixed-leaves-salad,139949	\N	f	0	28	20	2024-09-10	4	56	2
278	\N	Extra Virgin Olive Oil	https://www.eatthismuch.com/food/nutrition/olive-oil,266/	\N	t	0	27	14	2024-06-13	9	224	65536
279	\N	Balsamic Vinegar | Sherry Vinegar	https://www.eatthismuch.com/calories/balsamic-vinegar,235	\N	f	0	255	255	2024-09-23	6	255	32
280	\N	Sherry Vinegar	https://www.eatthismuch.com/calories/sherry-vinegar-12742	\N	f	0	30	15	2024-11-08	9	240	32
281	\N	Roma Tomatoes	https://www.eatthismuch.com/calories/roma-tomatoes,1221839	\N	f	0	62	62	2024-08-28	0	124	1
282	\N	Balsamic Vinaigrette	\N	\N	f	0	240	100	2024-07-31	6	240	0
283	\N	Feta Cheese	https://www.eatthismuch.com/food/nutrition/parmesan-cheese,32/	\N	f	256	28.35	28.35	2024-07-01	4	100	4194304
284	\N	Parmesan Cheese | Feta Cheese	https://www.eatthismuch.com/food/nutrition/parmesan-cheese,32/	\N	f	256	28.35	28.35	2024-07-01	4	100	0
285	\N	Salt & Black Pepper	https://www.eatthismuch.com/calories/pepper-205	\N	t	0	28	6	2024-11-12	4	96	131072
286	\N	Penne Pasta	https://www.eatthismuch.com/food/nutrition/penne-pasta,1581502/	\N	f	32	85	85	2024-06-10	6	85	0
287	\N	Penne Pasta, GF	https://www.eatthismuch.com/food/nutrition/penne-pasta,101928/	\N	f	0	85	56	2024-06-10	6	85	4096
288	\N	Unnriched Long Grain Rice	https://www.eatthismuch.com/calories/white-rice-4917	\N	f	0	185	185	-infinity	6	185	1024
289	\N	Short Grain White Rice	https://www.eatthismuch.com/calories/white-rice,4923	\N	f	0	200	200	2024-08-18	6	200	4
290	\N	Ham Steaks	Gammon is meat that has been cured (by being salted, brined or smoked) and sold raw, whereas Ham is meat that has been dry-cured or cooked, and is sold ready to eat. In a nutshell; when you've cooked your Gammon, it becomes Ham. - https://www.eatthismuch.com/calories/ham-steak-2254561	\N	f	0	168	84	-infinity	0	224	268435456
291	\N	Sharp Chedder Cheese	https://www.eatthismuch.com/calories/sharp-cheddar-cheese-shredded-1693122	\N	f	256	28	28	2024-12-07	4	112	8388608
292	\N	Shredded Sharp Chedder Cheese	https://www.eatthismuch.com/calories/cheddar-cheese-9	\N	f	260	28	28	2024-11-17	4	113	8388608
293	\N	Low Sodium Soy Sauce	https://www.eatthismuch.com/calories/soy-sauce,3748	\N	f	294944	32	16	2024-09-22	9	256	3
294	\N	Low Sodium Tamari Sauce	Tamari sauce generally does not contain wheat. https://www.eatthismuch.com/calories/soy-sauce-3619	\N	f	32768	36	18	2024-10-29	9	288	8192
295	\N	Tamari Sauce	Tamari sauce generally does not contain wheat. https://www.eatthismuch.com/calories/soy-sauce-3619	\N	f	32768	36	18	2024-11-13	9	288	8192
296	\N	Pumpkin Seeds	https://www.eatthismuch.com/calories/pumpkin-seeds-1785111	\N	f	0	28	28	2024-12-04	4	149.33	1048576
297	\N	Tamari | Soy Sauce	https://www.eatthismuch.com/calories/soy-sauce-3619	\N	f	0	36	18	2024-10-30	9	288	16
298	\N	Coconut Sugar	aka. Coconut Palm Sugar	\N	f	0	240	100	2024-08-23	6	240	4
299	\N	White Pepper	\N	\N	t	0	240	100	-infinity	8	240	0
300	\N	Coconut Sugar | Granulated Sugar | Honey	https://www.eatthismuch.com/calories/sugar-4644 | https://www.eatthismuch.com/calories/honey-4620	\N	f	0	200	200	2024-10-28	6	200	1792
301	\N	Chili Garlic Sauce	https://www.eatthismuch.com/food/nutrition/chili-powder,184/	\N	t	0	7.5	7.5	2024-07-09	7	120	0
302	\N	Spring Onions	These have a slightly larger bulb at the base then Green Onions. https://www.eatthismuch.com/calories/scallions-2051	\N	f	0	148	148	2024-06-13	0	240	2
303	\N	Head of Butter Lettuce	https://www.eatthismuch.com/calories/butter-lettuce,135921	\N	f	0	163	86	2024-09-16	0	42.5	1
304	\N	Head of Butterhead Lettuce	https://www.eatthismuch.com/calories/lettuce-2012	\N	f	0	163	55	2024-11-07	0	55	2
305	\N	Leaves of Lettuce	https://www.eatthismuch.com/calories/lettuce,2015	\N	f	0	12	36	2024-07-25	0	36	0
306	\N	Head of Butter Lettuce | Head of Boston Bibb Lettuce	\N	\N	f	0	14	14	-infinity	0	50	0
307	\N	Ginger	https://www.eatthismuch.com/calories/ginger,196	\N	f	0	5	5	2024-08-12	7	80	1
308	\N	Toasted Sesame Oil	https://www.eatthismuch.com/food/nutrition/sesame-oil,2628816/	\N	f	0	216	13.6	2024-06-11	6	240	0
309	\N	Gold Potatoes	https://www.eatthismuch.com/calories/gold-potatoes-1654114	\N	f	0	148	148	2024-10-05	0	148	1
310	\N	Russet Potatoes	https://www.eatthismuch.com/food/nutrition/russet-potatoes,2092/	\N	f	0	213	369	2024-07-20	0	170	0
311	\N	Purple Potatoes	https://www.eatthismuch.com/calories/purple-potatoes-3336013	\N	f	0	37.67	113	2024-10-03	0	113	1
312	\N	Mirin Rice WIne	https://www.eatthismuch.com/calories/mirin,1837647	\N	f	0	28	14	2024-12-13	9	224	8192
313	\N	Japanese Cooking Wine (Sake)	https://www.eatthismuch.com/calories/sake,5783	\N	f	0	29	29	2024-09-08	9	232	8192
314	\N	Citrus-Lime Vinaigrette	https://www.eatthismuch.com/calories/citrus-lime-vinaigrette-2391809	\N	f	0	28	43	2024-12-20	9	224	32
315	\N	Slices of French Bread, GF	https://www.eatthismuch.com/calories/french-bread,1664925	\N	f	0	29	57	2024-07-15	0	57	64
316	\N	Shallot | Small Onion	https://www.eatthismuch.com/calories/shallots-2316	\N	f	0	43	43	2024-09-27	0	86	1
317	\N	Worcestershire Sauce	https://www.eatthismuch.com/food/nutrition/pasta-sauce,871/	\N	f	0	257	257	2024-06-14	6	240	0
318	\N	Panko-style Breadcrumbs, GF	https://www.eatthismuch.com/calories/gluten-free-panko-style-bread-crumbs-4063429	\N	f	0	112	28	2024-10-27	6	112	16
319	\N	Chedder Cheese	https://www.eatthismuch.com/calories/cheddar-cheese-9	\N	f	256	28	28	2024-10-15	4	224	6
320	\N	Sweet Onions	https://www.eatthismuch.com/food/nutrition/yellow-onion,89980/	\N	f	0	148	148	2024-06-13	0	240	1
321	\N	Hoisin Sauce	https://www.eatthismuch.com/calories/hoisin-sauce-161930	\N	f	0	30	15	2024-06-14	9	240	8192
322	\N	Dried Oregano	https://www.eatthismuch.com/calories/oregano,202	\N	f	0	3	3	2024-09-21	7	48	4
323	\N	Onion Powder	https://www.eatthismuch.com/calories/onion-powder,201	\N	t	0	7	7	2024-08-01	7	112	131072
324	\N	Boneless Skinless Chicken Breast Fillets	https://www.eatthismuch.com/calories/chicken-breast-fillets-boneless-skinless-4111814	\N	f	0	112	112	2024-06-13	0	224	268435456
325	\N	Silk Heavy Cream	https://www.eatthismuch.com/calories/whipping-cream-dairy-free-heavy-alternative-1590080	\N	f	0	32	16	2024-10-25	9	256	6
326	\N	Lean Pork Fillet (Tenderloin)	https://www.eatthismuch.com/calories/pork-tenderloin,1785	\N	f	0	28	28	2024-09-06	4	224	8
327	\N	Linguine, GF	https://www.eatthismuch.com/calories/linguine,2413373	\N	f	0	240	100	2024-06-30	6	240	0
328	\N	Brown Basmati Rice	This is a long grain brown rice. https://www.eatthismuch.com/calories/basmati-rice,45283	\N	f	4096	28	199	2024-07-13	4	199	1024
329	\N	Brown Jasmine Rice	This is a long grain brown rice. https://www.eatthismuch.com/calories/brown-jasmine-rice-1699348	\N	f	4096	28	49	2024-11-08	4	196	1024
330	\N	Red Lentil Spaghetti Pasta	https://www.eatthismuch.com/calories/spaghetti-red-lentil-2133787	\N	f	0	28	56	2024-10-24	4	224	4096
331	\N	Yellow Pea Penne Pasta	https://www.eatthismuch.com/calories/fusilli-pasta,2321079	\N	f	0	107	80	2024-06-10	6	240	4096
332	\N	Egg Noodles, Enriched	https://www.eatthismuch.com/calories/egg-noodles,4864	\N	f	0	28	28	2024-07-24	4	38	4
333	\N	Egg Noodles	https://www.eatthismuch.com/calories/egg-noodles,4912	\N	f	0	4.75	38	2024-07-24	4	38	384
334	\N	Ear of Corn	https://www.eatthismuch.com/food/nutrition/cornstarch,4792/	\N	t	0	7.68	7.68	2024-07-19	0	128	0
335	\N	Sweet Corn	https://www.eatthismuch.com/food/nutrition/cornstarch,4792/	\N	t	0	7.68	7.68	2024-07-19	7	128	0
336	\N	Challenge Butter, Salted	https://www.eatthismuch.com/calories/challenge-salted-butter,549893	\N	t	0	14	14	2024-08-09	7	224	131072
337	\N	Challenge Butter, Unsalted	https://www.eatthismuch.com/calories/butter-unsalted-2304327	\N	t	0	14	14	-infinity	7	224	6
338	\N	Challenge Butter	https://www.eatthismuch.com/calories/butter-unsalted-2304327	\N	t	0	14	14	2024-10-08	7	224	6
339	\N	Maple-Glazed Bacon Slices	https://www.eatthismuch.com/food/nutrition/bacon,1797	\N	f	0	8	8	2024-07-08	0	24	0
340	\N	Bourbon	\N	\N	f	0	240	100	-infinity	6	240	262144
341	\N	Ear of Sweet Corn	https://www.eatthismuch.com/calories/corn-1946	\N	t	2	102	102	2024-07-19	0	102	2
342	\N	Passion Fruit	https://www.eatthismuch.com/calories/passion-fruit-1481	\N	f	0	18	18	-infinity	0	236	1
343	\N	White Wine, Sweet	https://www.eatthismuch.com/calories/white-wine,3079	\N	f	0	29.4	147	2024-09-14	9	235.2	5
344	\N	White Wine, Dry	https://www.eatthismuch.com/calories/white-wine-3079	\N	f	0	29.4	147	2024-10-14	9	235.2	524288
345	\N	Heavy Whipping Cream	https://www.eatthismuch.com/calories/heavy-whipping-cream-52	\N	f	4	238	238	2024-11-20	6	238	29360128
346	\N	Oranges	https://www.eatthismuch.com/calories/oranges-1463	\N	f	0	131	131	2024-06-14	0	131	1
347	\N	Blood Oranges	https://www.eatthismuch.com/food/nutrition/apples,1300/	\N	f	0	182	182	2024-06-14	0	240	0
348	\N	Pink Himalayan Salt	https://www.eatthismuch.com/calories/himalayan-pink-salt,152245	\N	t	0	4	1	2024-08-08	8	192	131072
349	\N	Kosher Salt | Pink Himalayan Salt	https://www.eatthismuch.com/food/nutrition/kosher-salt-coarse,2313857/	\N	t	0	4	1	2024-09-30	8	192	131072
350	\N	Steak Seasoning	\N	\N	f	0	240	100	-infinity	0	240	0
352	\N	Cantaloupe Melon	https://www.eatthismuch.com/calories/melons-1450	\N	f	0	552	552	2024-12-05	0	156	1
353	\N	Baby Carrots	https://www.eatthismuch.com/calories/baby-carrots,2569	\N	f	0	246	246	2024-08-22	6	246	1
354	\N	Frozen Carrot Slices	https://www.eatthismuch.com/calories/carrots,1914	\N	f	0	72	72	2024-08-01	0	72	0
355	\N	Chickpea Spaghetti Pasta	https://www.eatthismuch.com/calories/spaghetti-chickpea-pasta,1880907	\N	f	0	28	56	2024-08-10	4	224	4
356	\N	Tagliatelle Pasta	https://www.eatthismuch.com/food/nutrition/spaghetti,4914/	\N	f	32	28.35	28.35	-infinity	4	240	0
357	\N	Dijon Mustard	https://www.eatthismuch.com/calories/dijon-mustard,5815	\N	t	0	240	15	2024-09-03	6	240	32
358	\N	Lemon Juice	https://www.eatthismuch.com/calories/lemon-juice-1434	\N	f	0	30	15	2024-11-26	9	240	3
359	\N	Lime Juice	https://www.eatthismuch.com/calories/limes,1438	\N	f	0	67	67	2024-06-10	9	240	0
360	\N	Kosher Salt & Black Pepper	https://www.eatthismuch.com/calories/kosher-salt-coarse,2018021	\N	t	0	4	1	2024-09-16	8	128	131072
361	\N	Elbow Macaroni, GF	https://www.eatthismuch.com/calories/elbows-gluten-free-2017186	\N	f	0	28	56	2024-11-23	4	224	4096
362	\N	Red Lentil Elbow Macaroni	https://www.eatthismuch.com/calories/red-lentils-elbow-4097029	\N	f	0	28	56	2024-10-31	4	224	1024
363	\N	Green Lentil Elbow Macaroni	https://www.eatthismuch.com/calories/green-lentil-elbow-macaroni,2240891 - https://www.eatthismuch.com/calories/green-lentil-pasta-elbow-macaroni,2095654	\N	f	0	28.33	85	2024-09-06	4	226.65	4
364	\N	Chickpea Elbow Macaroni	https://www.eatthismuch.com/calories/elbow-pasta-gluten-free-chickpea,4196453	\N	f	0	23	56	2024-08-19	4	224	4
365	\N	Green Lentil Spaghetti Pasta	https://www.eatthismuch.com/nutrition/gluten-free-spaghetti,2283586	\N	f	0	28	56	-infinity	4	240	4
366	\N	Spaghetti Pasta, Unenriched	https://www.eatthismuch.com/food/nutrition/spaghetti,4914/	\N	f	32	28.35	28.35	2024-08-03	4	240	0
367	\N	Spaghetti Pasta, Enriched	https://www.eatthismuch.com/food/nutrition/spaghetti,4914/	\N	f	32	28.35	28.35	2024-08-03	4	240	0
368	\N	Arugula	https://www.eatthismuch.com/calories/arugula,2568 - aka. Rocket.	\N	f	0	20	20	2024-06-10	6	20	1
369	\N	Red Lentil Linguine	https://www.eatthismuch.com/calories/spaghetti-red-lentil-2133787	\N	f	0	28	56	2024-06-30	4	224	4096
370	\N	Green Lentil Linguine	https://www.eatthismuch.com/calories/linguine,2413373	\N	f	0	240	100	2024-06-30	6	240	4
371	\N	Chickpea Linguine	https://www.eatthismuch.com/calories/linguine,2413373	\N	f	0	240	100	2024-06-30	6	240	0
372	\N	Fresh Kale	https://www.eatthismuch.com/calories/kale,1995	\N	f	0	67	67	2024-09-11	6	67	1
373	\N	Fresh Cabbage | Fresh Kale	https://www.eatthismuch.com/calories/cabbage,1902	\N	f	0	89	908	2024-08-31	6	89	1
374	\N	Naan, GF	\N	\N	f	0	240	100	2024-08-06	0	240	0
375	\N	Pita, GF	https://www.eatthismuch.com/calories/gluten-free-pita-bread-2509579	\N	f	0	122	61	2024-06-15	0	61	2
376	\N	Watercress	https://www.eatthismuch.com/calories/watercress-2261	\N	f	0	28	34	2024-11-15	4	34	2
377	\N	Jarred Roasted Red Peppers	https://www.eatthismuch.com/calories/red-peppers-2530	\N	f	0	28	140	2024-11-19	4	140	512
378	\N	Pecorino Cheese	https://www.eatthismuch.com/food/nutrition/parmesan-cheese,32/	\N	f	256	28.35	28.35	2024-07-01	4	100	4194304
379	\N	Pecorino Cheese | Parmesan Cheese	https://www.eatthismuch.com/food/nutrition/parmesan-cheese,32/	\N	f	256	28.35	28.35	2024-07-01	4	100	4194304
380	\N	Smoked Pancetta Slices	https://www.eatthismuch.com/food/nutrition/bacon,1797	\N	f	0	8	8	2024-07-08	0	24	0
381	\N	Smoked Pancetta Slices | Smoked Bacon Slices	https://www.eatthismuch.com/food/nutrition/bacon,1797	\N	f	0	8	8	2024-07-08	0	24	0
382	\N	Orecchiette	https://www.eatthismuch.com/food/nutrition/bacon,1797	\N	f	0	8	8	2024-07-08	0	24	0
383	\N	Sumac	https://www.eatthismuch.com/calories/sumac-540983	\N	f	0	24	4	-infinity	4	128	131072
385	\N	Gomiti Pasta	\N	\N	f	32	240	100	2024-09-28	6	240	4
386	\N	Tubular Pasta	https://www.eatthismuch.com/calories/elbows,468629	\N	f	32	23	56	2024-08-15	4	184	0
387	\N	Boneless Skinless Chicken Breasts	https://www.eatthismuch.com/calories/boneless-skinless-breast-fillets-2730224	\N	f	0	112	112	2024-06-13	0	224	268435456
388	\N	Chicken Thighs, Skin On, Bone In	https://www.eatthismuch.com/calories/chicken-thigh-480	\N	f	0	94	94	2024-06-13	0	94	268435456
389	\N	Frozen Mixed Chopped Onion, Carrot, and Celery	https://www.eatthismuch.com/calories/mixed-vegetables-2256	\N	f	0	225	225	2024-12-15	6	225	67108864
390	\N	Halloumi Cheese	https://www.eatthismuch.com/calories/gruyere-cheese,23	\N	f	256	28	28	2024-06-12	4	224	0
391	\N	Boneless Skinless Chicken Thighs	https://www.eatthismuch.com/food/nutrition/boneless-chicken-breasts,4204785	\N	f	0	28	112	2024-06-13	0	224	0
392	\N	Pesto	https://www.eatthismuch.com/food/nutrition/parmesan-cheese,32/	\N	f	0	28.35	28.35	2024-07-01	4	100	6
393	\N	Pistou	https://www.eatthismuch.com/food/nutrition/parmesan-cheese,32/	\N	f	0	28.35	28.35	2024-07-01	4	100	6
394	\N	Pesto | Pistou	https://www.eatthismuch.com/food/nutrition/parmesan-cheese,32/	\N	f	0	28.35	28.35	2024-07-01	4	100	6
395	\N	Baguette	https://www.eatthismuch.com/food/nutrition/whole-grain-mini-bagels,21207/	\N	f	0	40	40	2024-06-19	6	240	0
396	\N	Small Rustic Baguette	https://www.eatthismuch.com/calories/baguettes-2053200	\N	f	262176	141	47	2024-06-19	0	47	4
397	\N	Black Olives	https://www.eatthismuch.com/calories/olives-1460	\N	f	0	28	134	2024-06-13	4	134	512
398	\N	Black Olives, with Pits	https://www.eatthismuch.com/food/nutrition/olive-oil,266/	\N	f	0	14	14	2024-06-13	7	240	0
399	\N	Brioche Buns	https://www.eatthismuch.com/calories/brioche-buns-448797	\N	f	0	85	85	2024-09-27	0	85	4
400	\N	Turkey Sausage	https://www.eatthismuch.com/calories/turkey-sausage,994	\N	f	0	28	28	2024-09-05	4	224	8
401	\N	Sausages	https://www.eatthismuch.com/food/nutrition/italian-sausage,952/	\N	f	0	83	83	2024-07-23	0	166	268435456
402	\N	Chorizo	https://www.eatthismuch.com/food/nutrition/parmesan-cheese,32/	\N	f	0	28.35	28.35	2024-07-01	4	100	6
403	\N	Manchego Cheese	https://www.eatthismuch.com/calories/gruyere-cheese,23	\N	f	256	28	28	2024-06-12	4	224	0
404	\N	Mixed-Color Cherry Tomatoes	https://www.eatthismuch.com/calories/tomato-cherry,129095	\N	f	0	17	85	2024-08-07	0	170	0
405	\N	English Cucumbers	https://www.eatthismuch.com/food/nutrition/cucumber,1971/	\N	f	0	301	301	2024-06-12	0	240	0
406	\N	Deluxe Fruit and Nut Mix	\N	\N	f	0	240	100	2024-06-12	6	240	1048576
407	\N	Fruit and Nut Mix	\N	\N	f	0	240	100	2024-06-12	6	240	0
408	\N	Fruit Jam	https://www.eatthismuch.com/calories/concord-grape-jam,1686002	\N	f	0	17	17	2024-07-31	7	136	128
409	\N	Dark Chocolate Bar (70%)	https://www.eatthismuch.com/calories/dark-chocolate-4768	\N	f	0	168	168	2024-06-09	6	168	16384
410	\N	Tahini (Sesame Seed Paste)	\N	\N	f	0	240	100	2024-06-09	6	240	8192
411	\N	Shortbread Cookies	\N	\N	f	262176	240	100	2024-06-09	6	240	262144
412	\N	Double Espresso	https://www.eatthismuch.com/calories/espresso-102706	\N	t	0	240	100	2024-10-19	6	240	0
413	\N	All-Purpose Flour, GF	https://www.eatthismuch.com/food/nutrition/all-purpose-flour,101736/	\N	t	0	120	30	2024-06-26	6	240	4
414	\N	Bread Flour, Unenriched, GF	https://www.eatthismuch.com/food/nutrition/wheat-flours,4882/	\N	f	0	137	137	2024-11-14	6	137	32768
415	\N	Grilled Chicken Breast	https://www.eatthismuch.com/calories/grilled-chicken-breast,6818	\N	f	0	84	84	2024-06-13	4	224	7
416	\N	Chedder Jack Cheese	https://www.eatthismuch.com/food/nutrition/shredded-cheddar-cheese,164892/	\N	f	256	112	28	-infinity	6	112	0
417	\N	Spring Mix	https://www.eatthismuch.com/calories/spring-mix,1847259	\N	f	0	42.5	85	2024-08-28	6	42.5	1
418	\N	Canned Corn	https://www.eatthismuch.com/calories/corn,1949	\N	t	0	164	164	2024-07-19	6	164	3
419	\N	Canned Black Beans	https://www.eatthismuch.com/recipe/nutrition/black-beans,3512	\N	f	0	28	194	2024-11-25	4	194	512
420	\N	Orange Juice	https://www.eatthismuch.com/food/nutrition/apples,1300/	\N	f	0	182	182	2024-06-14	0	240	0
421	\N	Cornmeal	https://www.eatthismuch.com/food/nutrition/cornstarch,4792/	\N	t	0	7.68	7.68	2024-07-19	7	128	0
422	\N	Flax Seeds	https://www.eatthismuch.com/calories/flaxseed-2710	\N	f	0	168	168	2024-06-11	6	168	1048576
423	\N	Half & Half	https://www.eatthismuch.com/calories/half-half-2178552	\N	f	0	240	36	2024-10-07	6	240	6
456	\N	Pickled Capers	https://www.eatthismuch.com/calories/capers-pickled,2884023	\N	f	0	5	5	2024-09-18	0	160	3
457	\N	Low Sodium Ketchup	https://www.eatthismuch.com/calories/ketchup,5816	\N	t	0	240	240	2024-08-13	6	240	0
458	\N	Tri-color Tortilla Strips	https://www.eatthismuch.com/calories/tortilla-strips-tri-color,1610117	\N	f	0	112	7	2024-09-01	6	112	4
459	\N	Canned Mixed Vegetables	https://www.eatthismuch.com/calories/mixed-vegetables,2255	\N	f	0	225	225	2024-08-15	6	225	7
460	\N	Mixed Vegetables	https://www.eatthismuch.com/calories/mixed-vegetables,2256	\N	f	0	225	225	2024-08-15	6	225	7
461	\N	Pine Nuts	\N	\N	f	0	240	100	2024-06-12	6	240	1048576
462	\N	Honeydew Melon	https://www.eatthismuch.com/calories/melons-1452	\N	f	0	1000	1000	2024-11-07	0	170	1
463	\N	Grapes	https://www.eatthismuch.com/calories/grapes,1416	\N	f	0	151	151	2024-08-17	6	151	1
464	\N	Seedless White Grapes	https://www.eatthismuch.com/calories/organic-white-seedless-table-grapes-3100885	\N	f	0	4.9	49	-infinity	0	151	1
465	\N	Grape Juice	https://www.eatthismuch.com/calories/concord-grape-jam,1686002	\N	f	0	17	17	2024-07-31	7	136	0
466	\N	White Grape Juice	https://www.eatthismuch.com/calories/concord-grape-jam,1686002	\N	f	0	17	17	2024-07-31	7	136	32
467	\N	Pineapple	https://www.eatthismuch.com/calories/pineapple-1513	\N	f	0	905	165	2024-11-20	0	165	1
468	\N	Wholegrain Mustard	https://www.eatthismuch.com/calories/mustard,220	\N	t	0	15	15	2024-08-14	7	240	32
469	\N	Clear Honey	https://www.eatthismuch.com/food/nutrition/honey,4620/	\N	t	0	42	21	2024-06-17	9	336	32
470	\N	Cloudy Honey	aka. Raw Honey. https://www.eatthismuch.com/food/nutrition/honey,4620/	\N	t	0	21	21	2024-06-17	7	240	0
471	\N	Whole Star Anise	https://www.eatthismuch.com/calories/star-anise,310340	\N	f	0	7	7	2024-09-11	0	112	4
472	\N	Slices of Brioche Bread	https://www.eatthismuch.com/calories/brioche-bread-2871822	\N	f	32	40	40	2024-10-29	0	80	2
473	\N	Fresh Dill	https://www.eatthismuch.com/calories/dill-219	\N	f	0	0.6	0.6	2024-10-01	7	9.6	1
475	\N	White Wine Vinegar | Apple Cider Vinegar	https://www.eatthismuch.com/calories/white-wine-vinegar,27797 | https://www.eatthismuch.com/calories/vinegar-222	\N	f	0	240	15	2024-08-18	6	240	32
477	\N	Skim Milk	https://www.eatthismuch.com/calories/skim-milk-7096	\N	f	320	240	240	2024-12-03	6	240	4194304
478	\N	Green Grapes	https://www.eatthismuch.com/calories/grapes,1416	\N	f	0	151	151	2024-08-17	6	151	1
479	\N	Red Grapes	https://www.eatthismuch.com/calories/grapes,1416	\N	f	0	151	151	2024-08-17	6	151	1
480	\N	Seedless Green Grapes	https://www.eatthismuch.com/calories/grapes,1416	\N	f	0	151	151	2024-08-17	6	151	1
481	\N	Seedless Red Grapes	https://www.eatthismuch.com/calories/grapes,1416	\N	f	0	151	151	2024-08-17	6	151	1
482	\N	White Grapes	https://www.eatthismuch.com/calories/white-seedless-grapes,1485829	\N	f	0	151	126	2024-08-27	6	151	1
483	\N	Seeded White Grapes	https://www.eatthismuch.com/calories/organic-white-seedless-table-grapes-3100885	\N	f	0	4.9	49	2024-12-15	0	98	1
484	\N	Seeded Red Grapes	https://www.eatthismuch.com/calories/grapes,1416	\N	f	0	151	151	2024-08-17	6	151	1
485	\N	Seeded Green Grapes	https://www.eatthismuch.com/calories/grapes,1416	\N	f	0	151	151	2024-08-17	6	151	1
486	\N	Short Grain Rice	https://www.eatthismuch.com/calories/white-rice,4923	\N	f	0	200	200	2024-08-18	6	200	4
487	\N	Tortillas, GF	https://www.eatthismuch.com/calories/flour-tortillas,101262	\N	f	0	45	45	2024-06-16	0	240	0
488	\N	80% Ground Beef	https://www.eatthismuch.com/calories/ground-beef-5421	\N	f	0	28	28	2024-10-26	4	224	8
489	\N	Salt & White Pepper	\N	\N	t	0	240	100	-infinity	6	240	131072
490	\N	Ground Ginger	https://www.eatthismuch.com/calories/ginger,196	\N	f	0	5	5	2024-08-12	7	80	1
491	\N	Breadcrumbs, GF	https://www.eatthismuch.com/calories/bread-crumbs-gluten-free-1726491	\N	f	0	11.25	30	2024-11-09	4	90	64
492	\N	Enriched Long Grain Rice	https://www.eatthismuch.com/calories/white-rice,4806	\N	f	0	185	185	2024-09-19	6	185	4
493	\N	Vanilla Bean	aka. Vanilla Pod.	\N	f	0	8	4	2024-08-29	0	224	1
494	\N	Chili Sauce	https://www.eatthismuch.com/calories/chili-sauce-857	\N	f	0	245	245	2024-10-13	6	245	3
495	\N	Dry Sherry	https://www.eatthismuch.com/food/nutrition/whole-milk,161/	\N	f	0	244	244	2024-08-02	6	240	0
496	\N	Light Soy Sauce	https://www.eatthismuch.com/calories/soy-sauce-3748	\N	f	32768	32	16	2024-12-01	9	256	8192
497	\N	Fresh Podded Snow Peas	https://www.eatthismuch.com/calories/snow-peas-129118	\N	f	0	28	100	2024-11-24	4	100	2
498	\N	Canned Baby Corn	https://www.eatthismuch.com/food/nutrition/cornstarch,4792/	\N	t	0	7.68	7.68	2024-07-19	7	128	0
499	\N	Peanut Oil	https://www.eatthismuch.com/calories/peanut-oil-263	\N	f	0	28	14	2024-11-05	9	224	65536
500	\N	Natural (Plain) Yogurt	https://www.eatthismuch.com/calories/plain-yogurt-96	\N	f	256	28	245	2024-10-16	4	245	29360128
501	\N	Ice Cubes	\N	\N	t	0	8	4	2024-08-29	0	224	0
502	\N	Golden (Light Corn) Syrup	https://www.eatthismuch.com/food/nutrition/corn-oil,300/	\N	f	0	13.6	13.6	2024-06-22	7	240	114688
503	\N	Dried Thyme	\N	\N	f	0	15	15	2024-06-12	0	100	131072
504	\N	Cayenne Pepper	https://www.eatthismuch.com/calories/cayenne-pepper,206	\N	t	0	10	5	2024-09-13	4	80	131072
505	\N	Puy Lentils	https://www.eatthismuch.com/calories/lentils-3566	\N	f	0	192	192	2024-06-16	6	192	4
506	\N	Dried Chervil	https://www.eatthismuch.com/calories/chervil-183	\N	f	0	2	2	2024-10-10	7	32	3
507	\N	Chervil | Parsley	https://www.eatthismuch.com/calories/parsley-2057	\N	f	0	28	4	2024-11-30	4	64	2
509	\N	Chicken Thighs	https://www.eatthismuch.com/food/nutrition/boneless-chicken-breasts,4204785	\N	f	0	28	112	2024-06-13	0	224	0
510	\N	Fennel Seeds	https://www.eatthismuch.com/calories/fennel-seed-193	\N	f	0	12	6	2024-06-11	4	96	65536
511	\N	Slices of American Cheese, fortified	https://www.eatthismuch.com/calories/american-cheese,42	\N	f	256	21	28	2024-09-21	0	224	6
512	\N	Italian Seasoning	https://www.eatthismuch.com/calories/taco-seasoning,100484	\N	f	0	3	6	2024-08-29	8	144	4
513	\N	Large New Potatoes	https://www.eatthismuch.com/calories/whole-new-potatoes-2504251	\N	f	512	79	158	2024-11-21	0	158	2
515	\N	Paprika | Cayenne Pepper	https://www.eatthismuch.com/calories/paprika-203 | https://www.eatthismuch.com/calories/cayenne-pepper-206	\N	t	0	12	6	2024-10-28	4	96	2048
516	\N	Vinegar	https://www.eatthismuch.com/calories/vinegar-227	\N	f	0	29.875	239	2024-11-09	9	239	32
517	\N	Light Brown Sugar	https://www.eatthismuch.com/food/nutrition/brown-sugar,4643	\N	f	0	145	145	2024-07-12	6	145	4
518	\N	Crme Frache	https://www.eatthismuch.com/calories/creme-fraiche-1706554	\N	f	324	28	30	2024-11-16	4	240	29360128
519	\N	Fromage Frais	https://www.eatthismuch.com/calories/fromage-frais-163884	\N	f	0	100	100	2024-11-03	6	100	8388608
520	\N	Crme Frache | Fromage Frais	https://www.eatthismuch.com/calories/creme-fraiche-433603	\N	f	260	28	28	2024-12-16	4	224	29360128
546	\N	Vanilla Ice Cream	https://www.eatthismuch.com/calories/vanilla-ice-cream-4476	\N	f	0	28	132	2024-06-11	4	132	234881024
547	\N	Italian Salad Dressing	https://www.eatthismuch.com/calories/italian-dressing-271	\N	f	0	30	15	2024-07-29	9	240	3
548	\N	Small New Potatoes	https://www.eatthismuch.com/calories/whole-new-potatoes,100017	\N	f	0	52.7	158	2024-09-22	0	158	1
549	\N	Tandori Paste	\N	\N	f	0	216	13.6	2024-06-11	6	240	0
550	\N	Lemon Grass Stalk	\N	\N	f	0	240	100	2024-06-12	6	240	2
551	\N	Orange Flower Water	\N	\N	f	0	182	182	2024-06-14	0	240	0
552	\N	Cinnamon Stick	\N	\N	f	0	4520	152	2024-08-26	0	152	1
553	\N	Clementines	https://www.eatthismuch.com/food/nutrition/apples,1300/	\N	f	0	182	182	2024-06-14	0	240	0
554	\N	Sweet Dessert Wine	https://www.eatthismuch.com/calories/wine,3068	\N	f	0	29.43	103	2024-09-17	9	235.44	5
555	\N	Taco Shells	\N	\N	f	0	4520	152	2024-08-26	0	152	1
556	\N	Head of Iceberg Lettuce	\N	\N	f	0	539	57	2024-11-02	0	57	2
557	\N	Thai Fish Sauce	https://www.eatthismuch.com/calories/fish-sauce-747	\N	f	0	18	18	2024-10-06	7	288	3
558	\N	Lean Ground Beef | Lean Ground Turkey	https://www.eatthismuch.com/nutrition/ground-beef,5416	\N	f	0	28	28	-infinity	4	240	0
559	\N	Crumbled Queso Blanco | Crumbled Anjeado Cheese | Grated Chedder Cheese | Grated Monterey Jack Cheese	https://www.eatthismuch.com/food/nutrition/shredded-cheddar-cheese,164892/	\N	f	256	112	28	2024-09-17	6	112	6
560	\N	Rhubarb Compote	https://www.eatthismuch.com/calories/rhubarb-compot-2981817	\N	f	0	28	644	2024-11-27	4	224	16
561	\N	Gingernut Biscuits (Gingersnaps)	https://www.eatthismuch.com/calories/watermelon,1566	\N	f	262176	4520	152	2024-08-26	0	152	262144
562	\N	Double Cream	https://www.eatthismuch.com/calories/english-double-cream-3336811	\N	f	0	28	28	2024-07-26	9	224	4194304
563	\N	Unsalted Margarine	https://www.eatthismuch.com/calories/margarine-354	\N	t	0	112	14	2024-09-14	0	224	6
564	\N	Margarine	https://www.eatthismuch.com/calories/margarine,348	\N	t	0	113	14	2024-09-14	0	224	6
565	\N	Fresh Jalepeo Chilies	https://www.eatthismuch.com/calories/jalapeno-peppers-2586	\N	f	0	38	38	2024-10-20	0	114	1
566	\N	Slices of Roast Pork	\N	\N	f	0	9	54	2024-09-04	0	227	8
567	\N	Chedder Cheese | Monterey Jack Cheese	https://www.eatthismuch.com/calories/monterey-jack-cheese,136752	\N	f	256	28	28	2024-06-09	0	224	0
568	\N	Ready-Made Puff Pastry	https://www.eatthismuch.com/calories/watermelon,1566	\N	f	0	152	152	2024-08-26	0	152	7
569	\N	Ready-Made Custard	https://www.eatthismuch.com/calories/fresh-custard-148019	\N	f	0	125	125	2024-08-26	6	125	6
570	\N	Confectioners' Sugar	https://www.eatthismuch.com/calories/powdered-sugars-4645	\N	f	0	28	100	2024-10-09	4	100	114688
571	\N	Slices of American Cheese, unfortified	https://www.eatthismuch.com/calories/american-cheese,123	\N	f	256	21	28	2024-09-21	0	224	6
572	\N	Slices of American Cheese	https://www.eatthismuch.com/calories/american-cheese,5748	\N	f	256	21	28	2024-09-21	0	224	6
573	\N	Fresh Oregano	\N	\N	f	0	240	100	2024-09-21	6	240	0
574	\N	Coconut Flakes	aka Shredded Coconut. https://www.eatthismuch.com/calories/shredded-coconut,1987718	\N	f	0	60	15	2024-08-23	6	60	928
575	\N	Bacon Chops	Bacon chops, sometimes called bacon steaks, are thick cut chops, which are taken from whole bacon loins. In other words, a bacon chop is basically a super thick cut rasher of bacon. It comes from exactly the same place, and is produced the same way, as the bacon you put on your sandwich, it's just, well, thicker.	\N	f	0	8	8	2024-07-08	0	24	0
576	\N	Hard Cider	https://www.eatthismuch.com/calories/hard-cider-78370	\N	f	0	30	100	2024-11-10	9	240	32
577	\N	Fresh Thyme	\N	\N	f	0	15	15	2024-06-12	0	100	3
578	\N	Thyme	\N	\N	f	0	15	15	2024-06-12	0	100	0
579	\N	Chipotle Chilies in Adobo Sauce	https://www.eatthismuch.com/calories/chipotle-chilis-in-adobo-sauce-2396171	\N	f	0	45	45	2024-09-26	0	90	3
580	\N	Fresh Green Chilies	https://www.eatthismuch.com/calories/green-chiles-1665591	\N	f	0	60	30	2024-11-11	0	240	2
581	\N	Dried Parsley	\N	\N	f	0	240	100	2024-09-26	6	240	0
582	\N	Beef Fillet (Fillet Mignon)	https://www.eatthismuch.com/calories/filet-mignon-90197	\N	f	0	37.67	113	2024-10-17	4	113	8
583	\N	Pickled Walnut Juice	\N	\N	f	0	28	224	2024-11-23	9	224	256
584	\N	Light Cream	\N	\N	f	0	15	15	2024-07-26	7	240	6
585	\N	Capellini Pasta	https://www.eatthismuch.com/calories/spaghetti,4874 - Enriched is most popular, so using that as default.	\N	f	32	28	28	2024-08-03	4	224	0
586	\N	Chickpea Penne Pasta	\N	\N	f	0	107	80	2024-06-10	6	240	4096
587	\N	Red Lentil Penne Pasta	https://www.eatthismuch.com/calories/penne-red-lentil-1772385	\N	f	0	28	56	2024-06-10	4	224	4096
588	\N	Dried Apricots	\N	\N	f	0	150	150	2024-09-25	0	150	1
589	\N	Dried Peaches	https://www.eatthismuch.com/calories/peaches,1484	\N	f	0	150	150	2024-09-25	0	150	1
590	\N	Chestnuts	https://www.eatthismuch.com/food/nutrition/water-chestnuts,155522/	\N	f	0	228	114	2024-06-12	6	228	524288
591	\N	Hamburger Buns, GF	https://www.eatthismuch.com/calories/hamburger-buns-gluten-free-1786165	\N	f	0	79	79	2024-10-21	0	79	2
592	\N	Black Olive Tapenade	https://www.eatthismuch.com/food/nutrition/olive-oil,266/	\N	f	0	14	14	2024-06-13	7	240	0
593	\N	Thai Red Curry Paste	\N	\N	f	0	16	16	-infinity	7	256	3
594	\N	Butternut Squash	\N	\N	f	0	4520	152	2024-08-26	0	152	1
595	\N	Mushrooms	https://www.eatthismuch.com/calories/watermelon,1566	\N	f	0	4520	152	2024-08-26	0	152	1
596	\N	Kaffir Lime Leaves	https://www.eatthismuch.com/calories/limes,1438	\N	f	0	67	67	2024-06-10	0	240	1
597	\N	Yellow Bell Peppers	Missing minor nutrients - https://www.eatthismuch.com/food/nutrition/red-bell-pepper,2440/	\N	f	0	119	119	2024-08-24	0	119	2
598	\N	Green Bell Peppers	Missing minor nutrients - https://www.eatthismuch.com/calories/green-bell-pepper-2080	\N	f	0	119	119	2024-08-24	0	119	1
599	\N	Orange Bell Peppers	Missing minor nutrients - https://www.eatthismuch.com/food/nutrition/red-bell-pepper,2440/	\N	f	0	119	119	2024-08-24	0	119	1
600	\N	Frozen Green Peas	aka. Podless Frozen Peas. - https://www.eatthismuch.com/calories/peas-2069	\N	f	0	28	134	2024-10-31	4	134	67108864
601	\N	Cajun Seasoning	https://www.eatthismuch.com/calories/taco-seasoning,100484	\N	f	0	3	6	2024-08-29	8	144	131072
602	\N	Hazelnuts	https://www.eatthismuch.com/calories/hazelnuts-123851	\N	f	0	28	32	2024-06-12	4	128	1048576
603	\N	Pork Italian Sausage, Raw	https://www.eatthismuch.com/calories/italian-sausage-912	\N	f	0	100	100	2024-07-23	0	100	268435456
604	\N	Slices of Panettone Bread	\N	\N	f	32	34	34	2024-06-15	0	34	64
605	\N	Butter | Sunflower Oil	\N	\N	t	0	14	14	2024-08-20	7	224	6
606	\N	Butter | Oil	\N	\N	t	0	14	14	2024-08-20	7	224	6
607	\N	Frozen Mixed-Berries	https://www.eatthismuch.com/calories/mixed-berries-87958	\N	f	0	28	140	2024-12-22	4	140	33554432
608	\N	Frozen Strawberries	\N	\N	f	0	240	100	-infinity	6	240	0
609	\N	Slices of Whole Grain Bread, GF	https://www.eatthismuch.com/calories/gluten-free-whole-grain-bread-2114723	\N	f	0	26	26	2024-10-09	0	52	2
610	\N	Gammon Steaks	Gammon is meat that has been cured (by being salted, brined or smoked) and sold raw, whereas Ham is meat that has been dry-cured or cooked, and is sold ready to eat. In a nutshell; when you've cooked your Gammon, it becomes Ham. - https://www.eatthismuch.com/calories/gammon-7453	\N	f	0	453.592	453.592	2024-10-14	0	240	8
611	\N	Fresh Chervil	https://www.eatthismuch.com/calories/chervil-183	\N	f	0	2	2	2024-10-10	7	32	3
612	\N	Brown Sugar	https://www.eatthismuch.com/food/nutrition/brown-sugar,4643	\N	f	0	145	145	2024-07-12	6	145	4
613	\N	Beef Broth	https://www.eatthismuch.com/calories/beef-broth-2899468	\N	f	0	240	240	2024-06-28	6	240	3
614	\N	Dark Chocolate Chips (70%)	https://www.eatthismuch.com/calories/dark-chocolate-4768	\N	f	0	168	168	2024-06-09	6	168	4
615	\N	Tomato Sauce	https://www.eatthismuch.com/food/nutrition/pasta-sauce,871/	\N	f	512	257	257	2024-06-14	6	240	256
616	\N	Eliche Pasta	https://www.eatthismuch.com/calories/fusilli-pasta,2321079	\N	f	32	107	80	2024-06-10	6	240	0
617	\N	Rotini Pasta	https://www.eatthismuch.com/calories/fusilli-pasta,2321079	\N	f	32	107	80	2024-06-10	6	240	4
618	\N	Red Lentil Rotini Pasta	https://www.eatthismuch.com/calories/red-lentil-fusilli-2065791	\N	f	0	75	56	2024-06-10	6	75	4096
619	\N	Red Lentil Fusilli Pasta	https://www.eatthismuch.com/calories/red-lentil-fusilli-2065791	\N	f	0	75	56	2024-06-10	6	75	4096
620	\N	Chickpea Fusilli Pasta	https://www.eatthismuch.com/calories/fusilli-pasta,2321079	\N	f	0	107	80	2024-06-10	6	240	0
621	\N	Chickpea Rotini Pasta	https://www.eatthismuch.com/calories/fusilli-pasta,2321079	\N	f	0	107	80	2024-06-10	6	240	4
622	\N	Chickpea Eliche Pasta	https://www.eatthismuch.com/calories/fusilli-pasta,2321079	\N	f	0	107	80	2024-06-10	6	240	0
623	\N	Red Lentil Eliche Pasta	https://www.eatthismuch.com/calories/fusilli-pasta,2321079	\N	f	0	107	80	2024-06-10	6	240	4
624	\N	Fresh Radicchio Leaves 	https://www.eatthismuch.com/calories/parsley-2057	\N	f	0	4	4	2024-09-26	7	64	3
625	\N	Fresh Blackberries	https://www.eatthismuch.com/calories/strawberries-1558	\N	f	0	16	144	-infinity	0	144	1
626	\N	Fresh Raspberries	https://www.eatthismuch.com/calories/raspberries-1547	\N	f	0	28	123	2024-12-18	4	123	1
627	\N	Medjool Dates	https://www.eatthismuch.com/calories/dates-1591	\N	f	0	24	24	2024-06-15	0	192	1
628	\N	Coconut Milk (Plain)	https://www.eatthismuch.com/calories/coconut-milk,2660	\N	f	0	240	240	2024-08-27	6	240	6
629	\N	Coconut Milk (Vanilla)	https://www.eatthismuch.com/calories/coconut-milk,2660	\N	f	0	240	240	2024-08-27	6	240	6
630	\N	Almond Milk (Vanilla)	https://www.eatthismuch.com/calories/almond-milk-5812	\N	f	0	240	240	-infinity	6	240	4194304
631	\N	Almond Milk (Plain)	https://www.eatthismuch.com/calories/almond-milk-5812	\N	f	0	240	240	2024-11-01	6	240	4194304
632	\N	Pink Lady Apples	https://www.eatthismuch.com/food/nutrition/apples,1300/	\N	f	0	182	182	2024-06-14	0	240	0
633	\N	Cosmic Crisp Apples	https://www.eatthismuch.com/food/nutrition/apples,1300/	\N	f	0	182	182	2024-06-14	0	240	0
634	\N	Honeycrisp Apples	https://www.eatthismuch.com/food/nutrition/apples,1300/	\N	f	0	182	182	2024-06-14	0	182	1
635	\N	Granny Smith Apples	https://www.eatthismuch.com/food/nutrition/apples,1300/	\N	f	0	182	182	2024-06-14	0	182	1
636	\N	Milk Chocolate Bar (40%)	https://www.eatthismuch.com/calories/dark-chocolate-4768	\N	f	0	168	168	2024-06-09	6	168	4
637	\N	Milk Chocolate Chips (40%)	https://www.eatthismuch.com/calories/dark-chocolate-4768	\N	f	0	168	168	2024-06-09	6	168	4
638	\N	Dark Chocolate (70%)	\N	\N	f	0	240	100	2024-06-09	6	240	4
639	\N	Milk Chocolate (40%)	https://www.eatthismuch.com/calories/dark-chocolate-4766	\N	f	0	28	28	2024-06-09	4	168	16384
640	\N	Prunes	Dried Plums.	\N	f	0	240	100	2024-06-15	6	240	1
641	\N	Graham Crackers	https://www.eatthismuch.com/calories/graham-crackers-4097	\N	f	0	7	7	2024-06-10	0	50	4
642	\N	Graham Crackers, GF	https://www.eatthismuch.com/calories/graham-crackers-4097	\N	f	0	7	7	2024-06-10	0	50	4
643	\N	Ground Venison	https://www.eatthismuch.com/calories/ground-venison-all-natural-2136768	\N	f	0	28	113	2024-12-03	4	224	268435456
644	\N	Ground Pork	https://www.eatthismuch.com/calories/ground-pork-1786	\N	f	0	28	28	2024-12-06	4	224	268435456
645	\N	Peppers Sauce	https://www.eatthismuch.com/calories/peppers-sauce-856	\N	f	0	245	245	2024-10-13	6	245	3
646	\N	Marinara Sauce	https://www.eatthismuch.com/food/nutrition/pasta-sauce,871/	\N	f	512	257	257	2024-06-14	6	240	256
647	\N	Rigatoni Pasta	https://www.eatthismuch.com/food/nutrition/penne-pasta,1581502/	\N	f	32	85	85	2024-06-10	6	85	4096
648	\N	Chickpea Rigatoni Pasta	\N	\N	f	0	107	80	2024-06-10	6	240	4096
649	\N	Red Lentil Rigatoni Pasta	https://www.eatthismuch.com/calories/penne-red-lentil-1772385	\N	f	0	28	56	2024-06-10	4	224	4096
650	\N	Yellow Pea Rigatoni Pasta	https://www.eatthismuch.com/calories/fusilli-pasta,2321079	\N	f	0	107	80	2024-06-10	6	240	4096
651	\N	Rigatoni Pasta, GF	https://www.eatthismuch.com/food/nutrition/penne-pasta,101928/	\N	f	0	85	56	2024-06-10	6	85	4096
652	\N	Rice Flour	\N	\N	f	0	240	100	-infinity	6	240	0
653	\N	White Rice Flour	https://www.eatthismuch.com/calories/rice-flour-4820	\N	f	4096	28	158	-infinity	4	158	32768
654	\N	Thin Egg Noodles	https://www.eatthismuch.com/calories/egg-noodles,4912	\N	f	0	28	28	2024-07-24	4	38	4
655	\N	Thick Egg Noodles	https://www.eatthismuch.com/calories/egg-noodles,4912	\N	f	0	28	28	2024-07-24	4	38	4
656	\N	Dark Sesame Oil	https://www.eatthismuch.com/food/nutrition/sesame-oil,2628816/	\N	f	0	216	13.6	2024-06-11	6	240	0
657	\N	Sesame Oil	https://www.eatthismuch.com/food/nutrition/sesame-oil,2628816/	\N	f	0	216	13.6	2024-06-11	6	240	0
658	\N	Head of Romaine Lettuce	https://www.eatthismuch.com/calories/lettuce-2013	\N	f	0	626	47	2024-10-15	0	47	1
659	\N	Baby Leeks	\N	\N	f	0	246	246	2024-08-22	6	246	1
660	\N	Fresh Sage	\N	\N	f	0	4	4	2024-09-26	7	64	1
661	\N	Fennel Bulbs	https://www.eatthismuch.com/calories/fennel-2566	\N	f	0	234	234	2024-06-13	0	234	2
662	\N	Single Espresso	https://www.eatthismuch.com/calories/espresso-102737	\N	t	0	240	100	2024-10-19	6	240	0
663	\N	Whole-Wheat Flour	https://www.eatthismuch.com/food/nutrition/all-purpose-flour,101736/	\N	t	262176	120	30	2024-06-26	6	240	32768
664	\N	Whole Milk (Cow), enriched	https://www.eatthismuch.com/calories/whole-milk-65	\N	f	320	244	244	2024-10-20	6	244	4194304
665	\N	Whole Milk (Cow)	https://www.eatthismuch.com/calories/whole-milk-65	\N	f	320	244	244	2024-10-20	6	244	4194304
666	\N	Lemons, without Peel	https://www.eatthismuch.com/calories/lemons-1432	\N	f	0	108	108	2024-10-22	0	216	1
667	\N	Refried Beans, fat-free	https://www.eatthismuch.com/calories/refried-beans-3653	\N	f	0	444	444	2024-10-23	6	444	0
668	\N	Refried Beans	https://www.eatthismuch.com/calories/refried-beans-3600	\N	f	0	444	444	2024-10-23	6	444	0
669	\N	Frozen Blueberries	https://www.eatthismuch.com/calories/blueberries-frozen-1346	\N	f	0	155	155	2024-11-28	6	155	33554432
670	\N	Frozen Wild Blueberries	\N	\N	f	0	240	100	-infinity	6	240	7
671	\N	Beets	https://www.eatthismuch.com/calories/beets-1877	\N	f	0	82	82	2024-06-14	0	82	2
673	\N	Vanilla Sugar	https://www.eatthismuch.com/calories/vanilla-sugar-4187475	\N	f	0	28	14	2024-12-08	4	336	114688
674	\N	Red Radish	\N	\N	f	0	100	50	2024-10-24	0	100	1
675	\N	Fresh Okra	https://www.eatthismuch.com/calories/okra-2038	\N	f	0	12.5	100	2024-08-26	0	100	2
676	\N	Avocado Oil | Olive Oil	https://www.eatthismuch.com/calories/olive-oil-266 - https://www.eatthismuch.com/calories/avocado-oil-328	\N	f	0	28	14	2024-12-17	9	224	65536
677	\N	Fresh Rosemary	\N	\N	f	0	4	4	2024-09-26	7	64	1
678	\N	Beef Gelatin	https://www.eatthismuch.com/calories/beef-gelatin-1857579	\N	f	0	20	10	2024-06-21	4	160	4
679	\N	Coconut Butter | Coconut Cream	\N	\N	f	0	100	100	-infinity	0	100	3
680	\N	Coconut Butter	aka. Coconut Manna. https://www.eatthismuch.com/calories/coconut-manna-coconut-butter-2352648	\N	f	0	28	14	2024-11-13	4	224	29360128
681	\N	Stevia Powder	https://www.eatthismuch.com/calories/stevia-powder-1636778	\N	f	0	28	1	2024-07-09	4	224	114688
682	\N	Natural Peppermint Flavor (Alcohol-Free)	\N	\N	t	0	15	15	2024-06-20	7	240	3
683	\N	Mint Extract	\N	\N	t	0	13	13	2024-09-19	7	208	3
684	\N	Monk Fruit Powder	\N	\N	f	0	7.5	7.5	2024-07-09	7	120	114688
685	\N	Monk Fruit Powder | Stevia Powder	\N	\N	f	0	7.5	7.5	2024-07-09	7	120	114688
686	\N	Sugar-Free Dark Chocolate (70%)	https://www.eatthismuch.com/calories/baking-chips-dark-chocolate-1730128	\N	f	0	28	14	2024-06-09	4	224	16384
687	\N	Sugar-Free Dark Chocolate Chips (70%)	https://www.eatthismuch.com/calories/dark-chocolate-4768	\N	f	0	28	168	2024-06-09	4	168	16384
688	\N	Sugar-Free Dark Chocolate Bar (70%)	https://www.eatthismuch.com/calories/dark-chocolate-4768	\N	f	0	168	168	2024-06-09	6	168	4
689	\N	Frozen Okra	https://www.eatthismuch.com/calories/okra-2040	\N	f	0	14	28	2024-08-26	0	224	67108864
690	\N	Honey | Coconut Sugar | Stevia	https://www.eatthismuch.com/calories/honey-4620	\N	f	0	28	21	-infinity	4	336	32
691	\N	Dry Cauliflower Rice	aka. Riced Cauliflower. https://www.eatthismuch.com/calories/riced-cauliflower-1894086	\N	f	0	113.33	85	2024-08-09	6	113.33	1024
692	\N	Sea Salt & Black Pepper	https://www.eatthismuch.com/food/nutrition/sea-salt,1724578/	\N	t	0	6	1.5	2024-07-14	8	288	131072
693	\N	Iodized Salt & Black Pepper	https://www.eatthismuch.com/calories/salt-iodized,1926529	\N	t	0	8	2	2024-09-08	8	256	131072
694	\N	Marinated Artichoke Hearts	https://www.eatthismuch.com/calories/asparagus-spears-1624112	\N	f	0	16	80	2024-08-05	0	112	1
695	\N	Dark Sesame Seeds	https://www.eatthismuch.com/calories/sesame-seeds-2617	\N	f	8192	144	9	2024-06-11	6	144	131072
696	\N	Sprouts	https://www.eatthismuch.com/calories/asparagus-spears-1624112	\N	f	0	16	80	2024-08-05	0	112	1
697	\N	Fennel Sprouts	https://www.eatthismuch.com/calories/asparagus-spears-1624112	\N	f	0	16	80	2024-08-05	0	112	1
698	\N	Cabbage Sprouts	https://www.eatthismuch.com/calories/asparagus-spears-1624112	\N	f	0	16	80	2024-08-05	0	112	1
699	\N	Tumeric	https://www.eatthismuch.com/calories/turmeric-217	\N	t	0	14	7	2024-08-29	4	112	131072
700	\N	Canned Mixed Beans	https://www.eatthismuch.com/calories/mixed-beans,144621 OR https://www.eatthismuch.com/calories/mixed-beans,1618198	\N	f	0	140	35	2024-09-13	6	140	4
701	\N	Dry Mixed Beans	https://www.eatthismuch.com/calories/mixed-beans,144621 OR https://www.eatthismuch.com/calories/mixed-beans,1618198	\N	f	0	140	35	2024-09-13	6	140	4
702	\N	Low Sodium Pasta Sauce	https://www.eatthismuch.com/food/nutrition/pasta-sauce,871/	\N	f	0	257	257	2024-06-14	6	240	0
703	\N	Cabbage Leaves	\N	\N	f	0	240	100	-infinity	6	240	1
704	\N	Head of Savoy Cabbage	https://www.eatthismuch.com/calories/cabbage-1906	\N	f	0	908	70	2024-12-19	0	70	2
705	\N	Head of Napa Cabbage	\N	\N	f	0	240	100	-infinity	6	240	1
706	\N	Napa Cabbage Leaves	https://www.eatthismuch.com/calories/cabbage-2578	\N	f	0	28	109	2024-12-04	0	109	2
707	\N	Savoy Cabbage Leaves	https://www.eatthismuch.com/calories/cabbage-1906	\N	f	0	28	70	2024-11-25	0	70	2
708	\N	Ghee	Type of clarified butter. https://www.eatthismuch.com/calories/ghee-2265017	\N	f	4	28	14	2024-08-20	4	224	29360128
709	\N	Chives | Green Onions (Scallions)	https://www.eatthismuch.com/food/nutrition/chives,1937/	\N	f	0	3	3	2024-06-25	7	240	2
710	\N	Baby Beets	https://www.eatthismuch.com/food/nutrition/chives,1937/	\N	f	0	3	3	2024-06-25	7	240	0
711	\N	Garganelli Pasta	https://www.eatthismuch.com/food/nutrition/spaghetti,4914/	\N	f	32	28.35	28.35	-infinity	4	240	0
712	\N	Fresh Mixed Herbs (Basil, Parsley, Chervil, Marjoram, Oregano)	https://www.eatthismuch.com/calories/fresh-cilantro-1945	\N	f	0	2	1	2024-11-06	4	16	2
713	\N	Dried Minced Garlic	https://www.eatthismuch.com/calories/garlic-powder-195	\N	f	0	10	10	2024-10-18	7	160	4
714	\N	Frozen Podded Green Peas	aka. Frozen Pea Pods. In pods. https://www.eatthismuch.com/calories/peas-2062	\N	f	0	144	144	2024-11-04	6	144	67108864
715	\N	Nettle Tea Bag	https://www.eatthismuch.com/food/nutrition/tea-earl-grey,1598998/	\N	f	0	29.57	236.56	2024-07-22	0	236.56	0
717	\N	Fresh Podded Fava Beans	https://www.eatthismuch.com/recipe/nutrition/black-beans,3512	\N	f	0	194	194	2024-10-17	6	194	2
718	\N	Kimchee	https://www.eatthismuch.com/food/nutrition/apples,1300/	\N	f	0	182	182	2024-06-14	0	240	8192
719	\N	Brown Arborio Rice	https://www.eatthismuch.com/calories/white-rice,4923	\N	f	0	200	200	2024-08-18	6	200	4
720	\N	White Arborio Rice	https://www.eatthismuch.com/calories/white-rice,4923	\N	f	0	200	200	2024-08-18	6	200	4
721	\N	Arborio Rice	https://www.eatthismuch.com/calories/arborio-rice-135650	\N	f	0	180	45	2024-08-18	6	180	1024
722	\N	Refined Coconut Oil	\N	\N	f	0	240	100	-infinity	6	240	65536
723	\N	Olive Oil | Ghee	Type of clarified butter. https://www.eatthismuch.com/food/nutrition/butter,1	\N	f	0	14	14	2024-08-20	7	224	65536
724	\N	Organic Chicken Livers	https://www.eatthismuch.com/calories/chicken-liver-416	\N	f	0	56	28	2024-06-09	0	224	268435456
725	\N	Leaves of Iceberg Lettuce	\N	\N	f	0	15	57	2024-11-02	0	57	2
726	\N	Salted Peanuts	https://www.eatthismuch.com/food/nutrition/peanuts,3584/	\N	f	2048	28	146	2024-10-12	4	146	1048576
727	\N	White Vinegar | Lemon Juice	https://www.eatthismuch.com/food/nutrition/white-wine-vinegar,27797/	\N	f	0	14	14	2024-06-15	7	240	0
728	\N	Head of Broccolini	https://www.eatthismuch.com/calories/broccoli-1885	\N	f	0	608	91	2024-11-04	0	91	2
729	\N	Fresh Podded Green Peas	aka. Fresh Pea Pods. In pods.	\N	f	0	240	100	2024-11-04	6	240	2
730	\N	Fresh Mixed-Color Chilies	https://www.eatthismuch.com/food/nutrition/red-peppers,2438/	\N	f	0	45	45	2024-11-28	0	90	2
731	\N	Fresh Yellow Chilies	https://www.eatthismuch.com/food/nutrition/red-peppers,2438/	\N	f	0	45	45	-infinity	0	90	2
732	\N	Frozen Broccoli	https://www.eatthismuch.com/food/nutrition/broccoli,1885	\N	f	0	608	91	2024-11-04	0	91	2
733	\N	Head of Cauliflower	\N	\N	f	0	160	160	2024-08-09	0	160	0
734	\N	Frozen Cauliflower	\N	\N	f	0	160	160	2024-08-09	6	160	0
735	\N	Mung Beans	https://www.eatthismuch.com/calories/mung-beans-3577	\N	f	0	28	207	2024-10-17	4	207	2048
736	\N	Carrots	https://www.eatthismuch.com/calories/carrots-1914	\N	f	0	28	72	2024-08-01	4	128	2
737	\N	Tomato Paste	https://www.eatthismuch.com/food/nutrition/pasta-sauce,871/	\N	f	0	257	257	2024-06-14	6	240	3
738	\N	Chia Seeds	https://www.eatthismuch.com/calories/flaxseed-2710	\N	f	0	168	168	2024-06-11	6	168	4
739	\N	Granola	How much choline? https://www.eatthismuch.com/calories/raw-sunflower-seeds-2344674	\N	f	0	132	33	2024-09-12	6	132	1048576
740	\N	Dried Figs	https://www.eatthismuch.com/calories/peaches,1484	\N	f	0	150	150	2024-09-25	0	150	1
741	\N	Muesli	How much choline? https://www.eatthismuch.com/calories/raw-sunflower-seeds-2344674	\N	f	0	132	33	2024-09-12	6	132	1048576
742	\N	Granola | Muesli	How much choline? https://www.eatthismuch.com/calories/raw-sunflower-seeds-2344674	\N	f	0	132	33	2024-09-12	6	132	1048576
743	\N	Orange Flower Blossoms	https://www.eatthismuch.com/calories/oranges-1463	\N	f	0	131	131	2024-06-14	0	131	1
744	\N	Distilled Water	\N	\N	t	0	240	240	2024-06-17	6	240	0
745	\N	Rose Petals	https://www.eatthismuch.com/calories/oranges-1463	\N	f	0	131	131	2024-06-14	0	131	1
746	\N	Rose Water	\N	\N	f	0	182	182	2024-06-14	0	240	0
747	\N	Sauerkraut	https://www.eatthismuch.com/food/nutrition/parmesan-cheese,32/	\N	f	0	28.35	28.35	2024-07-01	4	100	6
748	\N	80% Ground Turkey	https://www.eatthismuch.com/calories/ground-beef-5421	\N	f	0	28	28	-infinity	4	224	8
749	\N	90% Lean Ground Turkey	https://www.eatthismuch.com/calories/ground-beef-5421	\N	f	0	28	28	-infinity	4	224	8
750	\N	Chicken Wings	https://www.eatthismuch.com/food/nutrition/boneless-chicken-breasts,4204785	\N	f	0	112	112	2024-06-13	0	112	8
751	\N	Sesame Seeds	https://www.eatthismuch.com/calories/sesame-seeds-2617	\N	f	0	144	9	2024-06-11	6	144	131072
752	\N	Mixed-Color Sesame Seeds	https://www.eatthismuch.com/calories/sesame-seeds-2617	\N	f	0	144	9	2024-06-11	6	144	131072
753	\N	Cardamom Pods	\N	\N	f	0	16	8	-infinity	0	96	65536
754	\N	Cumin Seeds	https://www.eatthismuch.com/calories/cumin-189	\N	t	0	28	9	2024-11-21	4	144	131072
783	\N	Frozen Fava Beans	https://www.eatthismuch.com/recipe/nutrition/black-beans,3512	\N	f	0	194	194	2024-10-17	6	194	67108864
784	\N	Fresh Podded Fava Beans | Frozen Fava Beans	https://www.eatthismuch.com/calories/fava-beans-2580	\N	f	0	28	126	2024-10-17	4	126	2048
785	\N	Lemons | Limes	https://www.eatthismuch.com/calories/lemons-1433	\N	f	0	108	108	2024-10-22	0	216	1
786	\N	Pumpkin Seeds | Pepitas	https://www.eatthismuch.com/calories/pumpkin-seeds-1785111	\N	f	0	18.66	28	-infinity	4	149.28	1048576
787	\N	Pepitas	https://www.eatthismuch.com/calories/pumpkin-seeds-1785111	\N	f	0	18.66	28	-infinity	4	149.28	1048576
788	\N	Raw Mixed Seeds	https://www.eatthismuch.com/calories/mixed-beans-1618198	\N	f	0	140	35	2024-09-13	6	140	1048576
789	\N	Mangos	https://www.eatthismuch.com/calories/mangos-1448	\N	f	0	207	207	2024-06-14	0	207	1
790	\N	Watercress Sprouts	aka. Sprouting Cress. https://www.eatthismuch.com/calories/watercress-2261	\N	f	0	28	34	-infinity	4	34	2
791	\N	Black Bean Sauce	https://www.eatthismuch.com/calories/black-bean-sauce-464282	\N	f	0	32	32	2024-10-17	9	256	8192
792	\N	Unenriched Medium Egg Noodles	https://www.eatthismuch.com/calories/egg-noodles,4912	\N	f	8	28	38	2024-07-24	4	38	4096
793	\N	Mustard Seeds	https://www.eatthismuch.com/calories/sesame-seeds-2617	\N	f	0	144	9	2024-06-11	6	144	131072
794	\N	Purple-Sprouting Broccoli	https://www.eatthismuch.com/food/nutrition/broccoli,1885	\N	f	0	91	91	2024-11-04	6	91	2
795	\N	Cointreau	https://www.eatthismuch.com/food/nutrition/apples,1300/	\N	f	0	182	182	2024-06-14	0	240	0
796	\N	Tangerines	https://www.eatthismuch.com/food/nutrition/apples,1300/	\N	f	0	182	182	2024-06-14	0	240	0
797	\N	Clementines | Tangerines	https://www.eatthismuch.com/food/nutrition/apples,1300/	\N	f	0	182	182	2024-06-14	0	240	0
798	\N	Clementines | Tangerines | Seedless Oranges	https://www.eatthismuch.com/food/nutrition/apples,1300/	\N	f	0	182	182	2024-06-14	0	240	0
799	\N	Seedless Oranges	https://www.eatthismuch.com/calories/oranges-1463	\N	f	0	131	131	2024-06-14	0	131	1
800	\N	Tarragon	https://www.eatthismuch.com/calories/tarragon-215	\N	f	0	28	2	2024-12-02	4	32	131072
801	\N	Fresh Mixed-Color Kale	https://www.eatthismuch.com/calories/kale,1995	\N	f	0	67	67	2024-09-11	6	67	2
802	\N	Balti Curry Paste	https://www.eatthismuch.com/calories/balti-sauce-152832	\N	f	0	28	120	2024-11-24	4	180	256
803	\N	Red Split Lentils	https://www.eatthismuch.com/calories/lentils-3566	\N	f	0	192	192	2024-06-16	6	192	2048
804	\N	Red Lentils	https://www.eatthismuch.com/calories/lentils,3634	\N	f	0	192	192	2024-06-16	6	192	4
805	\N	Protein Powder	https://www.eatthismuch.com/calories/protein-powder-1643743	\N	t	0	32	32	2024-06-20	0	128	-2147483648
806	\N	Coconut Water	https://www.eatthismuch.com/calories/coconut-milk,2660	\N	f	0	240	240	2024-08-27	6	240	32
807	\N	Almonds	https://www.eatthismuch.com/food/nutrition/peanuts,3584/	\N	f	0	146	146	2024-10-12	6	146	1048576
808	\N	Frozen Blueberries | Frozen Blackberries	https://www.eatthismuch.com/calories/blueberries-frozen-1346	\N	f	0	155	155	2024-11-22	6	155	33554432
809	\N	Frozen Blackberries	https://www.eatthismuch.com/calories/strawberries-1558	\N	f	0	16	144	-infinity	0	144	1
810	\N	Chocolate Sauce	https://www.eatthismuch.com/calories/chocolate-sauce-2501421	\N	f	0	40	40	2024-12-01	9	320	32
811	\N	Mixed-Color Bell Peppers	https://www.eatthismuch.com/calories/red-bell-pepper-2440, https://www.eatthismuch.com/calories/green-bell-pepper-2080	\N	f	0	119	119	2024-08-24	0	119	2
812	\N	Bell Peppers	Missing minor nutrients - https://www.eatthismuch.com/calories/green-bell-pepper-2080	\N	f	0	119	119	2024-08-24	0	119	1
813	\N	Fresh Nectarines	https://www.eatthismuch.com/calories/peaches,1484	\N	f	0	150	150	2024-09-25	0	150	1
814	\N	Fresh Peaches | Fresh Nectarines	https://www.eatthismuch.com/calories/peaches,1484	\N	f	0	150	150	2024-09-25	0	150	1
815	\N	Frozen Podded Fava Beans	https://www.eatthismuch.com/recipe/nutrition/black-beans,3512	\N	f	0	194	194	2024-10-17	6	194	67108864
816	\N	Frozen Podded Lima Beans	https://www.eatthismuch.com/food/nutrition/edamame,1977/	\N	f	0	118	118	2024-07-16	6	118	67108864
817	\N	Frozen Podded Snow Peas	https://www.eatthismuch.com/food/nutrition/edamame,1977/	\N	f	0	118	118	2024-07-16	6	118	67108864
818	\N	Frozen Podded Snap Peas	https://www.eatthismuch.com/food/nutrition/edamame,1977/	\N	f	0	118	118	2024-07-16	6	118	67108864
819	\N	Fresh Podded Green Peas | Frozen Podded Green Peas	aka. Fresh Peas. In pods. - https://www.eatthismuch.com/calories/peas-2064	\N	f	0	145	145	-infinity	6	145	1
820	\N	Fresh Podded Fava Beans | Frozen Podded Fava Beans	https://www.eatthismuch.com/calories/fava-beans-2580	\N	f	0	126	126	2024-10-17	6	126	2048
821	\N	Parsnips	https://www.eatthismuch.com/food/nutrition/apples,1300/	\N	f	0	182	182	2024-06-14	0	240	1
822	\N	Light Vanilla Ice Cream	https://www.eatthismuch.com/calories/vanilla-ice-cream-4469	\N	f	0	216	13.6	2024-06-11	6	240	234881024
823	\N	Rich Vanilla Ice Cream	https://www.eatthismuch.com/calories/vanilla-ice-cream-4470	\N	f	0	216	13.6	2024-06-11	6	240	234881024
824	\N	Bok Choy	https://www.eatthismuch.com/food/nutrition/apples,1300/	\N	f	0	182	182	2024-06-14	0	240	1
825	\N	Frozen Snap Peas	aka. Fresh Peas. In pods. - https://www.eatthismuch.com/calories/peas-2064	\N	f	0	28	145	-infinity	4	145	2
826	\N	Fresh Podded Snap Peas | Frozen Snap Peas	aka. Fresh Peas. In pods. - https://www.eatthismuch.com/calories/peas-2064	\N	f	0	28	145	-infinity	4	145	2
827	\N	Fresh Podded Snap Peas	aka. Fresh Pea Pods. In pods.	\N	f	0	240	100	2024-11-04	6	240	2
828	\N	Fresh Podded Snap Peas | Frozen Podded Snap Peas	https://www.eatthismuch.com/calories/peas-2060	\N	f	0	63	63	2024-12-08	6	63	2
829	\N	Chili Jam	https://www.eatthismuch.com/calories/chili-sauce-857	\N	f	0	245	245	2024-10-13	6	245	3
830	\N	Sun-Dried Tomato Paste	aka. Sun-Dried Tomato Puree. https://www.eatthismuch.com/calories/sun-dried-tomato-paste-1801202	\N	f	0	28	30	2024-06-14	4	240	256
831	\N	Saffron	https://www.eatthismuch.com/calories/cumin-189	\N	t	0	18	9	-infinity	4	144	131072
832	\N	Dried Sage	\N	\N	f	0	4	4	2024-09-26	7	64	1
833	\N	Dried Red Chili Pepper	https://www.eatthismuch.com/food/nutrition/chili-powder,184/	\N	t	0	7.5	7.5	2024-07-09	7	120	0
834	\N	Frozen Edamame Beans	https://www.eatthismuch.com/food/nutrition/edamame,1977/	\N	f	0	28	118	2024-07-16	4	118	67108864
835	\N	Sliced Fennel Salami	https://www.eatthismuch.com/calories/hard-salami,1805029	\N	f	0	5.6	28	2024-09-01	0	100	8
836	\N	Long Grain Rice	https://www.eatthismuch.com/calories/white-rice,4806	\N	f	0	185	185	2024-09-19	6	185	4
837	\N	Mung Bean Sprouts	https://www.eatthismuch.com/calories/mung-beans-1860	\N	f	0	194	194	2024-10-17	6	194	2048
838	\N	Sugar-Free Milk Chocolate Chips (40%)	https://www.eatthismuch.com/calories/dark-chocolate-4768	\N	f	0	168	168	2024-06-09	6	168	4
839	\N	White Chocolate Chips	https://www.eatthismuch.com/calories/dark-chocolate-4768	\N	f	0	168	168	2024-06-09	6	168	4
840	\N	Sugar-Free White Chocolate Chips	https://www.eatthismuch.com/calories/dark-chocolate-4768	\N	f	0	168	168	2024-06-09	6	168	4
841	\N	Mixed-Color Large Carrots	https://www.eatthismuch.com/calories/carrots,1914	\N	f	0	72	72	2024-08-01	0	72	2
842	\N	Garbanzo Beans	https://www.eatthismuch.com/calories/mung-beans-3577	\N	f	0	28	207	2024-10-17	4	207	2048
843	\N	Brown Lentils	https://www.eatthismuch.com/calories/lentils,3634	\N	f	0	192	192	2024-06-16	6	192	4
844	\N	Green Lentils	https://www.eatthismuch.com/calories/lentils-3566	\N	f	0	192	192	2024-06-16	6	192	2048
845	\N	Agave	https://www.eatthismuch.com/calories/asparagus-spears-1624112	\N	f	0	16	80	2024-08-05	0	112	1
846	\N	Gluten-Free Barbecue Sauce	https://www.eatthismuch.com/calories/barbecue-sauce-730	\N	f	0	36	18	2024-11-17	9	288	32
847	\N	Ratatouille	https://www.eatthismuch.com/calories/pasta-sauce-849	\N	f	0	257	257	2024-06-14	6	257	256
848	\N	Fresh Red Chilies | Fresh Yellow Chilies	https://www.eatthismuch.com/food/nutrition/red-peppers,2438/	\N	f	0	45	45	2024-11-29	0	90	2
849	\N	Long-Grain Brown Rice	https://www.eatthismuch.com/calories/brown-rice-4801	\N	f	4096	28	190	2024-11-22	4	190	1024
850	\N	Frozen Green Beans	https://www.eatthismuch.com/nutrition/green-beans,1868	\N	f	0	28	28	2024-07-29	4	224	67108864
851	\N	Brazil Nuts	\N	\N	f	0	240	100	2024-06-12	6	240	1048576
853	\N	Frozen Snow Peas	\N	\N	f	0	240	100	2024-11-24	6	240	0
854	\N	Fresh Podded Snow Peas | Frozen Snow Peas	https://www.eatthismuch.com/calories/peas-2060	\N	f	0	28	63	2024-12-12	4	63	2
855	\N	Fresh Podded Snow Peas | Frozen Podded Snow Peas	aka. Fresh Peas. In pods. - https://www.eatthismuch.com/calories/peas-2060	\N	f	0	28	63	2024-12-09	4	63	2
856	\N	Fresh Spinach | Fresh Kale	https://www.eatthismuch.com/calories/spinach-2170	\N	f	0	28	30	-infinity	4	30	2
857	\N	Frozen Raspberries	https://www.eatthismuch.com/calories/raspberries-1547	\N	f	0	123	123	2024-12-21	6	123	33554432
858	\N	Frozen Strawberries | Frozen Raspberries	https://www.eatthismuch.com/calories/whole-fresh-frozen-strawberries-100309	\N	f	0	28	140	-infinity	4	140	33554432
859	\N	Dairy-Free Milk	https://www.eatthismuch.com/calories/almond-milk-5812	\N	f	0	240	240	2024-10-19	6	240	6
860	\N	Water | Dairy-Free Milk	\N	\N	f	0	30	240	-infinity	9	240	29360128
861	\N	Fresh Mixed-Color Zucchini	https://www.eatthismuch.com/calories/zucchini-2183	\N	f	0	196	196	2024-06-12	0	196	2
862	\N	Silken Tofu	https://www.eatthismuch.com/food/nutrition/egg,103/	\N	f	32768	50	50	2024-11-03	0	200	8192
863	\N	Tofu	https://www.eatthismuch.com/food/nutrition/egg,103/	\N	f	32768	50	50	2024-08-31	0	200	8192
864	\N	Rosemary Focaccia	https://www.eatthismuch.com/calories/loaf-bread,3303048	\N	f	32	34	34	2024-06-15	0	34	64
865	\N	White Beans	https://www.eatthismuch.com/recipe/nutrition/black-beans,3512	\N	f	0	194	194	2024-10-17	6	194	4
866	\N	Small Pork Sausages 	https://www.eatthismuch.com/calories/italian-sausage-912	\N	f	0	100	100	2024-07-23	0	100	268435456
867	\N	Chipolata	https://www.eatthismuch.com/calories/italian-sausage-912	\N	f	0	100	100	2024-07-23	0	100	268435456
868	\N	Chipolata | Small Pork Sausages 	https://www.eatthismuch.com/calories/italian-sausage-912	\N	f	0	100	100	2024-07-23	0	100	268435456
869	\N	Wild Salmon	https://www.eatthismuch.com/calories/watermelon,1566	\N	f	0	4520	152	2024-08-26	0	152	1
870	\N	Flaxseed Oil	https://www.eatthismuch.com/calories/avocado-oil-328	\N	f	0	28	14	-infinity	9	224	32768
871	\N	Fresh Blueberries	https://www.eatthismuch.com/calories/blueberries-1343	\N	f	0	148	148	2024-11-28	6	148	1
872	\N	Broccoli Sprouts	aka. Sprouting Cress. https://www.eatthismuch.com/calories/watercress-2261	\N	f	0	28	34	-infinity	4	34	2
902	\N	Chamomile Tea Bag	https://www.eatthismuch.com/food/nutrition/tea-earl-grey,1598998/	\N	f	0	29.57	236.56	2024-07-22	0	236.56	0
903	\N	Radish Sprouts	aka. Sprouting Cress. https://www.eatthismuch.com/calories/watercress-2261	\N	f	0	28	34	-infinity	4	34	2
904	\N	Lean Sliced Ham	https://www.eatthismuch.com/calories/sliced-ham-904	\N	f	0	28	28	2024-12-10	0	224	268435456
905	\N	Fresh Okra | Frozen Okra	https://www.eatthismuch.com/calories/okra-2038	\N	f	0	12.5	100	2024-08-26	0	100	2
906	\N	Frozen Cauliflower Rice	aka. Riced Cauliflower. https://www.eatthismuch.com/calories/riced-cauliflower-1894086	\N	f	0	113.33	85	2024-08-09	6	113.33	1024
907	\N	Unsweetened Coconut Flakes	aka Shredded Coconut. https://www.eatthismuch.com/calories/shredded-coconut,1987718	\N	f	0	60	15	2024-08-23	6	60	928
908	\N	Raw Mixed Nuts | Raw Mixed Seeds	https://www.eatthismuch.com/calories/mixed-beans-1618198	\N	f	0	140	35	2024-09-13	6	140	1048576
909	\N	Raw Mixed Nuts	https://www.eatthismuch.com/calories/mixed-beans-1618198	\N	f	0	140	35	2024-09-13	6	140	1048576
910	\N	Bay Leaves	https://www.eatthismuch.com/calories/mint-91252	\N	f	0	28	3	2024-06-12	4	48	3
911	\N	Curry Powder | Chili Powder	\N	\N	f	0	16	8	-infinity	4	96	65536
912	\N	Macadamia Nuts	\N	\N	f	0	23	23	-infinity	4	23	4
913	\N	Cashew Nuts | Macadamia Nuts	\N	\N	f	0	23	23	-infinity	4	23	4
914	\N	Brown Rice Noodles	https://www.eatthismuch.com/food/nutrition/rice-noodles,4886/	\N	f	4096	28	28	2024-07-17	4	224	4096
915	\N	Thin Ciabatta Loaf	https://www.eatthismuch.com/calories/ciabatta-loaf,387825	\N	f	0	257	257	2024-08-11	0	128.5	2
916	\N	Chicken Legs	https://www.eatthismuch.com/food/nutrition/boneless-chicken-breasts,4204785	\N	f	0	28	112	2024-06-13	0	224	0
917	\N	Oranges | Blood Oranges	https://www.eatthismuch.com/calories/oranges-1463	\N	f	0	131	131	2024-06-14	0	131	1
